number,didian,zhiwei,mingcheng
5,北京,技术类,23674-新闻后台开发高级工程师（北京）
2,深圳,技术类,XN-C++后台开发工程师（深圳）
2,上海,技术类,SNG02-腾讯云行业方案架构师（上海）
3,上海,产品/项目类,21229-PUBG社群生态建设（上海）
3,上海,产品/项目类,21229-PUBG端游产品运营（上海）
1,北京,产品/项目类,23486-证券资讯产品经理（北京）
1,深圳,产品/项目类,MIG18-双百计划投资公司市场运营经理（深圳）
1,深圳,产品/项目类,MIG18-双百投后内容运营产品经理（深圳）
1,深圳,职能类,RP-移动端产品经理（深圳）
1,深圳,技术类,HY2-数据采集后台开发工程师
1,深圳,技术类,HY2-数据可视化前端开发工程师（深圳）
1,深圳,技术类,HY2-机器学习平台研发工程师（深圳）
1,北京,内容编辑类,24547-创新业务运营经理（北京）
1,深圳,产品/项目类,21229-PUBG手游本地化&活动策划（深圳）
1,深圳,技术类,MIG09-游戏社区后台开发工程师（深圳）
1,上海,产品/项目类,21229-PUBG游戏数据分析师（上海）
1,深圳,职能类,HY-外包采购综合管理经理
1,深圳,市场类,20718-运营总监（深圳）
1,北京,产品/项目类,20772-企鹅影视3D动画制片人（北京）
1,上海,产品/项目类,SA-腾讯社交广告ADX产品运营经理
2,上海,产品/项目类,SA-腾讯社交广告产品渠道运营经理（品牌渠道）（上海）
1,上海,技术类,SA-腾讯社交广告前端开发工程师（上海）
1,深圳,设计类,22989-SNG-云平台部-腾讯云设计中心-交互设计师（深圳）
1,成都,产品/项目类,15575-《王者荣耀》游戏运营（产品运营方向）
1,成都,产品/项目类,15575-《王者荣耀》游戏运营（市场社区方向）（成都）
1,成都,设计类,15575-《王者荣耀》高级UI设计师（成都）
1,深圳,技术类,SNG04-社交推荐工程师（深圳）
1,深圳,,23295-互娱游戏传播经理（深圳）
1,深圳,,23295-互娱游戏微博经理（深圳）
1,深圳,,23295-互娱电竞传播经理
3,武汉,产品/项目类,21309-企鹅辅导辅导老师（武汉）
2,深圳,产品/项目类,21309-腾讯课堂考试类目组长或副组长（深圳）
1,深圳,产品/项目类,21309-企鹅辅导活动运营经理（深圳）
2,深圳,产品/项目类,21309-腾讯课堂设计、兴趣类目组长或副组长（深圳）
2,深圳,产品/项目类,21309-腾讯课堂设计培训类目经理（深圳）
1,上海,产品/项目类,SNG08-天天P图创意内容运营（上海）
1,广州,市场类,25187-321 企业微信商务推广经理（广州）
2,深圳,技术类,22989-腾讯云黑石产品架构师（深圳）
1,北京,技术类,22989-腾讯云PAAS产品架构师（北京）
1,北京,技术类,22989-腾讯云HPC产品架构师（北京）
1,北京,设计类,MIG05-资深美术指导（北京）
2,北京,市场类,OMG153-高级商业策略经理（北京）
1,北京,设计类,22090-天天快报-高级交互设计师（北京）
1,北京,设计类,22090-天天快报-高级用户研究工程师（北京）
1,北京,技术类,22090-天天快报-数据分析师（客户端方向）（北京）
1,北京,产品/项目类,22090-天天快报-产品经理（客户端方向）（北京）
1,北京,产品/项目类,22090-天天快报-高级产品经理（客户端方向）（北京）
1,北京,产品/项目类,22090-天天快报-高级产品运营（粉丝闭环方向）（北京）
2,深圳,技术类,SNG16-腾讯音乐业务运维工程师（深圳）
1,深圳,内容编辑类,SNG16-QQ音乐歌曲首发内容策划（深圳）
2,深圳,产品/项目类,21309-腾讯课堂SEO ASO运营经理（深圳）
1,上海,设计类,21062-游戏特效师（上海）
2,上海,设计类,21062-3D游戏美术师（上海）
2,深圳,技术类,22989-腾讯云后台研发工程师（深圳）
1,深圳,产品/项目类,19881-王者荣耀KOL高级运营经理（深圳）
2,上海,设计类,21062-创意游戏美术设计师（上海）
2,深圳,技术类,SNG16-腾讯音乐运营开发工程师（深圳）
1,北京,产品/项目类,22090-天天快报-高级产品经理（流量分配与合作方向）（北京）
1,成都,技术类,HY1-游戏测试经理（成都）
1,广州,技术类,25187-113 企业微信后台开发工程师（广州）
1,成都,产品/项目类,15575-王者荣耀社交产品运营（成都）
1,深圳,技术类,MIG07-WEB前端开发（企业安全方向）
1,深圳,技术类,WXG08-113 微信搜索推荐后台开发高级工程师（深圳）
1,深圳,产品/项目类,MIG07-项目管理
1,深圳,设计类,22989-腾讯云设计中心-视觉设计师（深圳）
1,成都,技术类,15575-《王者荣耀》高级客户端开发工程师（成都）
1,深圳,产品/项目类,SNG06-鹅漫U品高级产品经理（深圳）
1,北京,内容编辑类,24547-商业化分析（北京）
3,深圳,产品/项目类,乘车码产品策划经理
1,深圳,技术类,HY2-运营开发高级工程师（深圳）
2,深圳,技术类,TEG03-高级算法研发工程师（深圳）
1,深圳,技术类,TEG09-大数据开发工程师（深圳）
2,北京,产品/项目类,15612-MMORPG系统／剧情策划师（北京）
1,深圳,技术类,TEG13-Python运营开发(后台)工程师（深圳）
2,深圳,技术类,TEG13-数据挖掘工程师
2,深圳,产品/项目类,XN-移动客户端产品运营经理(深圳)
1,成都,产品/项目类,15575-《王者荣耀》商业化运营（成都）
1,成都,产品/项目类,15575-《王者荣耀》赛事运营经理（成都）
1,北京,技术类,22989-高级视频软件工程师（北京）
1,深圳,技术类,22989-大数据计算开发工程师（深圳）
2,厦门,技术类,22989-云存储研发工程师（厦门）
2,深圳,市场类,22990-游戏云商务拓展（深圳）
2,上海,市场类,22990-游戏云商务拓展（上海）
1,深圳,产品/项目类,SNG01-QQ产品运营组长（深圳）
1,广州,技术类,MIG03-测试开发工程师（广州）
1,深圳,市场类,MIG04-渠道商务拓展经理（深圳）
1,北京,职能类,20762-高级政务合作经理(北京)
6,北京,,14914-媒体管理公关经理（北京/深圳）
1,北京,职能类,20762-政府事务经理(北京)
1,深圳,产品/项目类,21085-穿越火线市场推广（深圳）
1,深圳,产品/项目类,21085-穿越火线手游市场推广（深圳）
1,上海,技术类,HY2-运营开发高级工程师（上海）
2,深圳,技术类,SA-腾讯社交广告后台开发工程师微信广告方向（深圳）
2,北京,市场类,SA-腾讯社交广告SMB区域业务拓展经理（北京）
2,深圳,技术类,15851-移动游戏专项技术测试（深圳）
2,广州,技术类,WXG01-117 微信 Android 客户端需求开发工程师（广州）
1,深圳,产品/项目类,21309-企鹅辅导流量运营管理经理（深圳）
1,上海,产品/项目类,15614-游戏内容运营（上海）
1,北京,产品/项目类,OMG064-CRM产品经理（北京）
1,深圳,内容编辑类,SNG16-腾讯音乐MV频道运营编辑（深圳）
1,成都,技术类,15575-王者荣耀社交产品IOS客户端高级开发工程师（成都）
1,成都,技术类,15575-王者荣耀社交产品Andriod客户端高级开发工程师（成都）
1,成都,技术类,15575-王者荣耀社交产品PHP开发工程师（成都）
1,成都,技术类,15575-王者荣耀社交产品web前端开发工程师（成都）
1,成都,产品/项目类,15575-王者荣耀社交产品高级产品策划（成都）
1,成都,设计类,15575-王者荣耀社交产品UI视觉设计师（成都）
1,成都,设计类,15575-王者荣耀社交产品高级交互设计师（成都）
1,深圳,技术类,15612-U3D客户端开发工程师（深圳）
1,深圳,设计类,15612-手游3D特效设计师（深圳）
1,深圳,职能类,XTB-HR Hacker
4,深圳,产品/项目类,21309-企鹅辅导学科运营（深圳）
1,深圳,产品/项目类,21309-企鹅辅导家长运营（深圳）
1,北京,市场类,OMG08-内容营销经理（北京）
1,深圳,产品/项目类,MIG09-运营助理（深圳）
1,深圳,技术类,18434-WEB前端开发工程师
2,深圳,设计类,15611-3D特效设计师（深圳）
1,深圳,产品/项目类,15611-日本手游运营经理(深圳）
1,上海,技术类,24547-高级广告算法工程师（上海）
1,北京,技术类,23048-桌面浏览器后台开发高级工程师（北京）
1,北京,内容编辑类,24547-区域收益分析师（北京）
3,深圳,技术类,SNG11-移动安全工程师（深圳）
3,深圳,技术类,SNG11-腾讯云移动安全工程师（深圳）
1,北京,市场类,OMG148-销售经理
2,上海,技术类,19157-汽车物联行业项目经理（上海）
1,北京,产品/项目类,OMG236-腾讯视频游戏中心产品经理（北京）
2,深圳,产品/项目类,22989-腾讯云存储高级产品运营经理（深圳/北京）
2,深圳,产品/项目类,22989-腾讯云存储产品运营（深圳/北京）
2,深圳,产品/项目类,22989-腾讯云存储高级产品策划经理（深圳/北京）
1,北京,职能类,21529-腾讯音乐投资法务经理（北京）
1,日本,产品/项目类,15611-日本手游运营经理(东京）
1,深圳,产品/项目类,25421-PUBG手游本地化&活动策划（深圳）
1,深圳,产品/项目类,21229-PUBG手游数据分析&商业化（深圳）
1,深圳,产品/项目类,21229-PUBG手游市场运营（深圳）
1,深圳,产品/项目类,21229-PUBG手游平台合作运营（深圳）
1,深圳,技术类,SNG16-QQ音乐Web前端工程师（深圳）
1,深圳,产品/项目类,SNG16-全民K歌视频拍摄与编辑高级产品经理（深圳）
1,深圳,产品/项目类,SNG16-全民K歌视频内容高级产品经理（深圳）
1,深圳,产品/项目类,SNG16-全民K歌内容社区高级产品经理（深圳）
1,深圳,产品/项目类,SNG16-全民K歌海外版产品经理（深圳）
1,北京,内容编辑类,23671-企鹅号游戏品类运营（北京）
1,深圳,产品/项目类,HY1-游戏研究员（深圳）
2,深圳,技术类,SNG03-互动视频C++/C后台开发工程师（深圳）
1,深圳,产品/项目类,SNG03-互动视频内容运营经理（深圳）
1,深圳,产品/项目类,SNG03-移动APP分发产品经理（深圳）
1,深圳,技术类,SNG03-互动视频ios高级开发工程师（深圳）
2,上海,技术类,21229-游戏客户端开发工程师（上海）
2,广州,技术类,WXG07-113 微信广研后台开发工程师（广州）
1,深圳,产品/项目类,24491-王者荣耀全球版 韩国区域运营（深圳）
1,北京,市场类,OMG08-互动创意设计师（北京）
1,北京,产品/项目类,23671-策略产品经理
1,香港,职能类,14173-投资公司CXO 招聘副总监
2,深圳,技术类,TEG11-语音平台开发工程师（深圳）
2,北京,技术类,TEG11-语音平台开发工程师（北京）
5,深圳,技术类,TEG11-数据挖掘工程师（深圳）
1,深圳,技术类,TEG11-语音SDK开发工程师（深圳）
3,深圳,技术类,TEG11-分布式机器学习平台开发工程师(深圳)
1,深圳,产品/项目类,18402-移动游戏商业化运营
1,深圳,产品/项目类,OMG236-社区运营经理（深圳）
1,深圳,产品/项目类,OMG236-腾讯视频搜索产品经理（深圳）
1,深圳,技术类,OMG236-腾讯直播iOS开发组组长（深圳）
2,深圳,产品/项目类,OMG236-腾讯视频PC客户端产品经理（深圳）
1,深圳,技术类,OMG236-腾讯视频ios测试工程师（深圳）
1,深圳,技术类,OMG236-腾讯视频TV后台开发工程师（深圳）
1,北京,内容编辑类,23675-渠道拓展（北京）
1,北京,内容编辑类,23673-文化频道内容编辑（北京）
1,深圳,技术类,MIG03-安全测试专家（后台服务/客户端）
1,成都,设计类,15575-天美L1手游角色原画高级设计师（成都）
1,深圳,产品/项目类,18402-移动游戏版本管理及内容策划（深圳）
1,深圳,产品/项目类,23518-移动游戏平台社区运营经理（精品游戏）
1,北京,技术类,MIG16-地图导航后台开发工程师(北京)
2,深圳,产品/项目类,23295-互娱社区产品运营经理（深圳）
1,深圳,设计类,21062-游戏高级交互设计师（深圳）
1,成都,产品/项目类,15575-天美L1手游资深系统策划（成都）
1,成都,产品/项目类,15575-天美L1手游高级数值策划（成都）
1,深圳,市场类,21482-移动电竞内容运营（深圳）
1,深圳,产品/项目类,21227-MMO商业化策划（深圳）
1,北京,市场类,22850-腾讯视频VIP渠道拓展经理（北京）
1,成都,技术类,TEG13-后台开发工程师（成都）
1,深圳,技术类,22989-企业云后台开发工程师（深圳）
1,深圳,技术类,22989-腾讯云加速iOS开发工程师（深圳）
1,美国,职能类,HGJ-Legal Counsel / Commercial Counsel
1,深圳,技术类,22989-腾讯云加速Android开发工程师（深圳）
1,深圳,产品/项目类,SNG03-社群产品运营经理（深圳）
4,深圳,技术类,TEG14-云存储研发工程师（深圳）
2,深圳,技术类,TEG09-云存储高级研发工程师（深圳）
1,深圳,技术类,TEG03-PHP应用开发高级工程师（深圳）
1,上海,技术类,SNG07-企点系统测试工程师（上海）
1,深圳,技术类,TEG10-资源规划师（深圳）
4,深圳,技术类,TEG05-高级数据运营工程师（深圳）
1,北京,技术类,23048-QQ浏览器内核开发工程师
3,深圳,产品/项目类,SA-腾讯社交广告商务平台产品策划经理（深圳）
2,北京,技术类,SA-腾讯社交广告广点通用户画像大数据研发工程师（北京）
2,深圳,产品/项目类,XN-寿险产品策划经理
1,深圳,职能类,21645-移动互联高级法律顾问（深圳）
2,深圳,职能类,FWZ-法律顾问
1,北京,职能类,FWZ-诉讼律师
1,深圳,产品/项目类,19881-《王者荣耀》平台渠道运营（深圳）
1,深圳,产品/项目类,19881-《王者荣耀》活动运营(深圳)
1,深圳,技术类,TEG11-TEG11-视觉SLAM工程师（深圳）
1,深圳,技术类,MIG06-后台开发工程师（深圳）
1,深圳,产品/项目类,MIG06-大数据策略产品经理（深圳）
1,杭州,产品/项目类,MIG18-众创空间区域运营经理（杭州）
1,深圳,产品/项目类,MIG18-商业化高级产品策划经理（深圳）
1,深圳,技术类,MIG06-自然语言处理研究员（深圳）
1,深圳,技术类,MIG18-开放平台广告算法工程师（深圳）
1,深圳,技术类,MIG06-大数据高级后台研发工程师（深圳）
1,深圳,产品/项目类,MIG18-众创空间AI项目高级产品经理（深圳）
1,广州,技术类,WXG02-133 微信运维工程师(广州）
1,深圳,市场类,WXG06-331 境外支付高级海外商务经理（深圳）
1,深圳,技术类,18796-PHP开发工程师(深圳)
2,深圳,技术类,18796-WeGame Video IOS移动客户端开发（深圳）
1,深圳,技术类,HY2-大数据高级工程师（深圳）
1,深圳,技术类,HY2-前端开发工程师（深圳）
1,深圳,技术类,18796-WeGame PHP开发工程师 (深圳）
1,深圳,技术类,18796-《掌上英雄联盟》IOS移动客户端开发（深圳）
1,深圳,技术类,HY2-高级数据分析工程师（深圳）
1,深圳,技术类,18435-风控总监（深圳）
7,深圳,技术类,18428-财付通清算业务测试工程师（深圳）
1,深圳,技术类,22989-腾讯云售后技术支持（深圳）
1,深圳,职能类,S2-投资并购经理（深圳）
1,深圳,产品/项目类,SNG01-QQ高级产品经理（深圳）
1,北京,技术类,MIG16-地图后台高级开发工程师（北京）
3,北京,产品/项目类,19822-影视策划经理
1,深圳,设计类,19823-动画绑定师
3,深圳,技术类,TEG13-C++后台开发工程师（深圳）
2,深圳,技术类,TEG09-存储运维工程师（深圳）
1,深圳,技术类,TEG09-存储业务后台开发工程师（深圳）
1,深圳,技术类,TEG14-高级业务运维工程师（深圳）
2,深圳,技术类,TEG09-虚拟化研发工程师（深圳）
5,深圳,技术类,TEG11-数据挖掘高级工程师（深圳）
1,深圳,技术类,TEG05-后台开发高级工程师（深圳）
1,深圳,技术类,MIG09-QQ浏览器社区前端开发工程师
1,上海,设计类,21062-资深游戏动画师（上海）
1,上海,产品/项目类,15573-资深游戏制作人
1,深圳,技术类,20718-后台开发工程师
1,上海,职能类,S2-财经外联与拓展（上海）
2,深圳,职能类,S2-业务审计经理（深圳）
1,成都,设计类,15575-《王者荣耀》高级角色原画设计师（成都）
1,成都,产品/项目类,15575-《王者荣耀》商业化运营（皮肤方向）（成都）
1,成都,产品/项目类,15575-《王者荣耀》数据分析师（成都）
2,深圳,设计类,SNG10-高级视觉设计师（深圳）
2,深圳,设计类,SNG10-视觉设计组长（深圳）
1,上海,市场类,SA-腾讯社交广告营销策划经理（上海）
2,北京,产品/项目类,SA-腾讯社交广告客户运营经理（品牌行业）
1,北京,技术类,SA-腾讯社交广告定向系统开发工程师（北京）
1,广州,职能类,政府及公共事务经理（广州）
1,北京,职能类,S2-财经外联与拓展经理（北京）
1,北京,产品/项目类,22090-天天快报-画像产品经理（北京）
1,北京,产品/项目类,22090-天天快报-内容运营（北京）
1,北京,内容编辑类,23675-投资经理（北京）
1,北京,技术类,23048-翻译君后台开发高级工程师（北京）
1,深圳,产品/项目类,22989-金融云金融科技产品经理（深圳）
1,深圳,技术类,22989-金融云互联网金融售前架构师（深圳/北京/上海）
1,深圳,技术类,22989-金融云区块链高级研发工程师（深圳）
3,深圳,技术类,22989-金融云银行行业售前架构师（北京/上海/深圳）
1,深圳,产品/项目类,22989-金融合规建设项目经理（深圳）
1,深圳,产品/项目类,22989-金融云高级研发项目经理（深圳）
2,深圳,技术类,22989-金融云售前架构师（深圳）
1,深圳,技术类,22989-金融云web前端高级开发
2,深圳,技术类,22989-金融云售中高级架构师
2,深圳,产品/项目类,22989-金融行业专有云产品经理（深圳）
2,深圳,技术类,22989-金融云高级后台开发
2,深圳,技术类,22989-腾讯云云市场前端高级工程师 （深圳）
1,深圳,技术类,22989-腾讯云系统内核研发工程师（深圳）
2,深圳,技术类,22989-腾讯云云市场后台开发工程师（深圳）
1,深圳,技术类,22989-高级web前端开发工程师（深圳）
1,深圳,职能类,WXG08-511 微信高级秘书（深圳）
1,广州,职能类,WXG08-511 微信高级秘书（广州）
2,北京,技术类,TEG11-高级后台开发工程师（北京）
3,深圳,技术类,SA-腾讯社交广告系统后台开发高级工程师（深圳）
1,深圳,技术类,SA-腾讯社交广告基础平台后台开发工程师（深圳）
1,北京,市场类,19835-影视商务高级策划（北京）
3,北京,设计类,15612-高级角色原画（北京）
1,深圳,技术类,MIG09-资讯推荐算法高级工程师
1,上海,技术类,SA-腾讯社交广告Java开发工程师（上海）
1,北京,,TB-Investment Analyst/ Sr. Analyst
1,北京,产品/项目类,22090-天天快报-推荐策略产品经理（北京）
3,北京,技术类,22090-天天快报-高级数据分析师（北京）
2,北京,技术类,22090-天天快报-高级数据开发工程师（北京）
1,北京,技术类,22090-天天快报-Web前端开发（北京）
3,北京,技术类,22090-天天快报-推荐算法工程师（北京）
2,北京,产品/项目类,22090-天天快报-高级数据产品经理（北京）
1,北京,产品/项目类,MIG16-车联网项目经理（北京）
1,深圳,产品/项目类,MIG09-QQ浏览器高级产品经理（深圳）
1,深圳,产品/项目类,XN-竞猜产品策划经理
1,深圳,设计类,15712-游戏美术3D动画特效设计
1,深圳,技术类,OMG097-腾讯视频业务运维（深圳）
2,上海,技术类,20503-移动端开发工程师（上海）
1,深圳,技术类,TEG03-高级研发工程师（深圳）
1,深圳,技术类,TEG03-高级图像算法研发工程师（深圳）
4,深圳,技术类,TEG11-高级AI开发工程师（深圳）
4,北京,技术类,TEG11-推荐系统算法研发工程师（北京）
3,深圳,技术类,TEG11-搜索引擎后台开发工程师（深圳）
3,深圳,技术类,TEG11-运营开发工程师（深圳）
1,深圳,技术类,15851-后台开发工程师
1,深圳,技术类,15851-后台开发工程师
1,深圳,技术类,MIG09-QQ浏览器社区前端高级开发工程师
1,深圳,技术类,15605-后台开发（深圳）
1,深圳,设计类,15605-3D动画特效设计（深圳）
1,深圳,产品/项目类,HY2-游戏平台产品运营（深圳）
1,上海,产品/项目类,HY2-游戏平台产品策划（上海）
1,深圳,设计类,15581-欢乐手游3D角色美术师（深圳）
1,上海,设计类,15614-次世代角色原画师（上海）
1,深圳,产品/项目类,18425-高级行业产品经理
1,北京,技术类,22090-天天快报-短视频排序模型组长
1,北京,产品/项目类,22086-体育数据产品经理（北京）
2,深圳,技术类,SNG16-腾讯音乐后台开发工程师（深圳）
1,深圳,技术类,MIG09-资讯前端开发工程师
1,深圳,技术类,21309-在线教育web前端组长或架构师（深圳）
1,上海,产品/项目类,21759-塔防类游戏主策划（上海）
1,深圳,技术类,21309-在线教育后台组长或架构师（深圳）
3,深圳,技术类,21309-在线教育Go后台工程师（深圳）
2,上海,设计类,24987-次世代3D角色设计师（上海）
1,上海,市场类,OMG192-效果广告渠道运营经理（上海）
2,上海,设计类,24987-次世代游戏3D场景制作（上海）
2,深圳,产品/项目类,21309-21309-企鹅辅导运营组长/副组长（深圳）
1,上海,技术类,20503-并行计算高级工程师（上海）
1,深圳,技术类,SNG11-高级业务运维工程师（深圳）
2,深圳,技术类,21309-在线教育PC客户端开发工程师（深圳）
1,深圳,技术类,22850-视频会员数据分析工程师（深圳）
3,成都,产品/项目类,22989-腾讯云数据库产品经理（成都/北京/深圳）
1,北京,产品/项目类,MIG09-QQ浏览器产品经理（北京）
1,深圳,职能类,IEG-培训主管（深圳）
1,深圳,职能类,CDG-HRBP（深圳）
2,深圳,产品/项目类,SA-腾讯社交广告电商广告产品运营经理（深圳）
1,深圳,产品/项目类,18402-移动游戏数据分析师
1,深圳,产品/项目类,21227-产品优化及本地化
1,深圳,产品/项目类,21227-移动游戏运营PM
1,深圳,产品/项目类,21227-移动游戏版本管理（深圳）
1,成都,内容编辑类,17759-质量保障组主管（成都）
1,深圳,技术类,18436-金融数据挖掘专家
1,上海,市场类,SA-腾讯社交广告平台业务拓展经理（生态平台业务）
1,上海,产品/项目类,SA-腾讯社交广告产品拓展和运营经理（生态平台业务）
1,深圳,技术类,TEG09-视频编转码高级工程师（深圳）
1,深圳,产品/项目类,MIG18-应用宝平台游戏运营经理（深圳）
1,深圳,技术类,MIG06-IOS开发工程师（深圳）
1,深圳,产品/项目类,21229-游戏商业化运营（深圳）
1,北京,设计类,OMG097-交互设计师（北京）
1,北京,产品/项目类,23671-平台产品经理（北京）
1,上海,设计类,HY1-3D角色美术(上海）
2,深圳,技术类,SNG16-腾讯音乐IOS开发工程师（深圳）
1,深圳,技术类,SNG16-QQ音乐后台开发工程师（深圳）
1,深圳,产品/项目类,SNG16-腾讯音乐项目经理（深圳）
1,深圳,产品/项目类,21309-IT类目组长/副组长
1,深圳,产品/项目类,21309-企鹅辅导高级学科教研老师
1,深圳,职能类,ZNB-组织建设主管
1,深圳,职能类,21645-腾讯互联网金融高级法律顾问（跨境支付方向）
1,深圳,技术类,XN-测试开发工程师（深圳）
2,深圳,市场类,SA-腾讯社交广告SMB区域业务拓展经理（深圳）
1,深圳,设计类,SA-腾讯社交广告前端UI工程师（深圳）
0,深圳,设计类,SA-腾讯社交广告视觉设计师（深圳）
1,深圳,技术类,SA-腾讯社交广告微信方向算法专家（深圳）
1,北京,技术类,22989-视频云技术工程师（北京）
1,深圳,产品/项目类,21309-流量运营组长/副组长（深圳）
1,北京,技术类,22989-400备案组Leader（北京）
2,深圳,技术类,22989-人工智能高级架构师（深圳/上海）
1,深圳,技术类,22989-视频云技术工程师（深圳）
1,深圳,产品/项目类,SNG17-QQ支付商务运营中心总监（深圳）
1,深圳,市场类,17467-高级品牌经理（深圳）
1,上海,产品/项目类,15573-资深手游运营策划（上海）
1,上海,设计类,15573-SLG手游3D角色设计师（上海）
1,深圳,产品/项目类,23517-产品优化及本地化
1,北京,市场类,MIG05-地图高级品牌经理（北京）
1,广州,技术类,25187-119 企业微信PC开发工程师（广州）
1,广州,技术类,25187-116 企业微信测试开发工程师（广州）
1,广州,产品/项目类,25187-212 企业微信高级产品策划经理（广州）
1,广州,设计类,25187-411 企业微信视觉设计师（广州）
10,深圳,技术类,21309-在线教育C/C++后台开发工程师（深圳）
10,深圳,技术类,21309-在线教育高级web前端开发工程师（深圳）
1,深圳,设计类,19867-互娱游戏美术3D设计（深圳）
1,深圳,设计类,15570-御龙在天美术3D角色设计师（深圳）
1,成都,技术类,15575-天美L1手游服务器开发高级工程师（成都）
3,成都,产品/项目类,22989-智慧零售业务中心项目经理（成都/上海/深圳）
2,成都,技术类,22989-腾讯云数据库内核研发高级工程师（北京/成都）
4,成都,技术类,22989-腾讯云工业行业企业架构师（北京/上海/深圳/成都）
6,成都,技术类,22989-智慧零售行业数据分析工程师（深圳/成都/北京）
3,成都,技术类,22989-智慧零售行业企业架构师（北京/上海/深圳/成都）
3,成都,技术类,22989-智慧零售行业企业业务交付架构师（ 北京/上海/深圳/成都）
2,成都,产品/项目类,22989-智慧零售行业产品经理（北京/上海/深圳/成都）
2,上海,技术类,20503-人脸分析研发工程师（上海）
1,北京,市场类,OMG08-事件营销高级经理
1,广州,技术类,WXG04-微信游戏web前台开发高级工程师（广州）
1,北京,市场类,OMG08-广告产品市场经理（北京）
1,深圳,职能类,S2-海外税务管理专家
1,香港,职能类,S2-海外税务管理专家
1,北京,产品/项目类,23671-内容平台产品经理（北京）
1,成都,产品/项目类,15575-《王者荣耀》资深系统策划（成都）
1,北京,职能类,RL-平台运营组招聘经理（北京）
5,深圳,职能类,RL-平台运营组招聘经理（深圳）
1,广州,技术类,WXG08-121 微信商业算法工程师(广州)
1,广州,技术类,WXG08-121 微信商业数据分析工程师（广州）
1,深圳,产品/项目类,19116-互联网+医疗高级产品经理（深圳）
1,深圳,技术类,MIG12-高级数据分析师（深圳）
2,深圳,产品/项目类,19116-互联网+智能客服产品经理（深圳）
3,成都,技术类,22989-腾讯云交通能源行业架构师（深圳/北京/成都/上海）
3,成都,技术类,22989-腾讯云交通能源行业交付架构师（北京/上海/深圳/成都）
1,深圳,技术类,22989-腾讯云交通能源行业后台开发工程师（深圳）
2,深圳,产品/项目类,22989-腾讯云交通能源行业产品经理（深圳）
2,深圳,市场类,18797-Strategy Analysis Manager（shenzhen)
2,深圳,职能类,18797-政府事务经理(深圳）
2,深圳,产品/项目类,18797-开发者生态运营经理(深圳）
0,上海,产品/项目类,21229-沙盒游戏产品运营（上海）
2,深圳,技术类,TEG13-数据分析工程师（深圳）
1,大连,技术类,MIG03-android开发工程师（大连）
1,大连,技术类,MIG03-前端开发工程师（大连）
2,上海,技术类,15573-手游服务器开发工程师（上海）
1,上海,技术类,20503-优图系统测试工程师（上海）
1,深圳,市场类,SNG08-校园市场推广经理（深圳）
1,深圳,产品/项目类,21309-自研课程营销经理（深圳）
1,深圳,产品/项目类,21309-自研课程高级教研经理（深圳）
1,北京,设计类,22852-演播技术三维建模设计师（北京）
2,深圳,技术类,SA-腾讯社交广告算法工程师（深圳）
2,深圳,技术类,SA-腾讯社交广告后台开发工程师（深圳）
1,深圳,技术类,22989-腾讯云Linux内核/虚拟化技术专家（深圳）
1,深圳,产品/项目类,SNG16-全民K歌视频产品策划（深圳）
2,北京,职能类,S2-OMG财务管理（北京）
1,深圳,产品/项目类,SA-腾讯社交广告策略产品经理微信方向（深圳）
1,深圳,产品/项目类,22989-大数据平台与应用高级产品经理 （深圳）
1,上海,设计类,HY1-次世代游戏原画设计师（上海）
1,深圳,技术类,HY1-游戏分析机器学习高级研究员（深圳）
1,深圳,技术类,HY1-游戏分析大数据平台高级架构师（深圳）
1,深圳,技术类,HY1-游戏图像分析高级研究员（深圳）
1,北京,市场类,22968-华北食品饮料行业销售经理
2,深圳,产品/项目类,SA-腾讯社交广告流量产品运营经理（深圳）
1,北京,设计类,SA-腾讯社交广告交互设计师（北京）
1,深圳,设计类,SA-腾讯社交广告交互设计师（深圳）
1,深圳,产品/项目类,SA-腾讯社交广告微信广告产品策划经理（深圳）
1,深圳,产品/项目类,SA-腾讯社交广告微信朋友圈产品运营经理（深圳）
1,深圳,产品/项目类,SA-腾讯社交广告微信流量生态平台合作运营经理（深圳）
1,深圳,产品/项目类,SA-腾讯社交广告微信流量房产家装行业运营经理（深圳）
1,深圳,产品/项目类,SA-腾讯社交广告微信流量游戏行业运营经理（深圳）
3,深圳,产品/项目类,SA-腾讯社交广告微信公众号广告运营经理（深圳）
2,深圳,技术类,TEG03-高级后台开发工程师(深圳）
1,深圳,技术类,TEG03-高级数据挖掘算法工程师（深圳）
1,深圳,产品/项目类,23516-移动游戏项目管理
7,深圳,产品/项目类,SA-腾讯社交广告商业化产品运营经理（深圳）
1,北京,产品/项目类,SA-腾讯社交广告商业化产品经理（北京）
2,深圳,技术类,SNG03-互动视频ios开发工程师（深圳）
0,深圳,技术类,SNG02-视频云解决方案架构师（深圳）
2,深圳,技术类,SNG02-视频云ios开发（深圳）
1,深圳,产品/项目类,SNG03-推荐算法产品经理（深圳）
2,深圳,技术类,SNG02-QQ多媒体通信后台工程师（深圳）
1,深圳,技术类,SNG02-云视频点播Golang开发工程师（深圳）
2,深圳,技术类,SNG02-机器学习算法工程师（深圳）
1,深圳,技术类,SNG02-流媒体终端开发工程师（深圳）
3,深圳,产品/项目类,SA-腾讯社交广告商业化产品经理（深圳）
1,北京,市场类,16811-授权拓展经理
2,深圳,技术类,SD9-Unity3D手游客户端开发工程师(深圳)
0,深圳,设计类,24012-知名IP动画导演
1,北京,技术类,MIG16-地图检索机器学习算法高级研发工程师（北京）
2,深圳,技术类,22989-腾讯云初创公司扶持架构师（深圳/北京）
1,深圳,技术类,MIG03-AI评价优化高级工程师（深圳/北京）
1,深圳,产品/项目类,21482-移动电竞高级赛事运营经理(深圳)
2,深圳,技术类,SNG11-系统技术工程师（深圳）
1,深圳,产品/项目类,MIG09-阅读内容运营经理
1,深圳,产品/项目类,21557-音视频实验室高级产品经理（深圳）
1,成都,产品/项目类,15575-《王者荣耀》周边产品开发经理（成都）
1,北京,技术类,23674-新闻Web前端开发高级工程师
1,深圳,设计类,24491-王者荣耀全球版 高级游戏交互设计师（深圳）
1,深圳,产品/项目类,18425-金融云产品经理
1,北京,产品/项目类,18425-金融云解决方案高级经理（北京）
2,深圳,,14914-移动互联网事业群公关经理
1,深圳,产品/项目类,MIG09-大资讯高级产品运营经理
1,深圳,产品/项目类,MIG09-浏览器品牌广告运营经理
1,深圳,技术类,MIG06-应用宝算法工程师（深圳）
1,深圳,产品/项目类,MIG18-双百计划投资运营经理（深圳）
1,深圳,技术类,15571-游戏高级开发工程师（深圳）
1,广州,职能类,22990-数字广东公司-出纳（广州）
1,广州,职能类,22990-数字广东公司-会计（广州）
1,北京,产品/项目类,24548-IP增值项目经理
1,上海,产品/项目类,24548-IP增值项目经理
2,深圳,职能类,9615-CDG部门秘书（深圳）
1,深圳,技术类,MIG15-嵌入式终端开发工程师（深圳）
1,深圳,产品/项目类,SNG02-腾讯云旅游行业高级运营经理（深圳）
1,北京,职能类,S2-投资公司管理经理（北京）
1,深圳,技术类,18796-游戏平台APP测试工程师(深圳)
1,深圳,技术类,18796-游戏平台高级测试开发工程师(深圳)
1,深圳,技术类,18425-微信国际支付应用WEB高级开发工程师
3,深圳,设计类,15571-3D场景设计师（深圳）
1,成都,产品/项目类,15575-《王者荣耀》IP运营（成都）
2,深圳,设计类,15571-资深3D角色设计师（深圳）
1,成都,设计类,15575-《王者荣耀》3D角色资深设计师（成都）
1,成都,设计类,15575-《王者荣耀》高级特效设计师（成都）
1,上海,产品/项目类,15614-MMORPG资深文案策划（上海）
1,上海,产品/项目类,15614-MMORPG战斗系统策划师（上海）
1,上海,产品/项目类,15614-资深数值策划（上海）
1,上海,产品/项目类,15614-MMORPG系统策划师（上海）
1,贵阳,市场类,22990-腾讯云客户经理（长沙/贵阳）
1,长沙,市场类,22990-腾讯云客户经理（长沙/贵阳）
1,深圳,技术类,HY1-unreal引擎开发工程师（深圳）
1,深圳,技术类,TEG05-数据运营工程师（深圳）
5,深圳,技术类,TEG09-图像处理高级工程师（深圳）
1,深圳,技术类,SNG11-运营开发工程师（深圳）
1,上海,技术类,HY2-游戏运维工程师（上海）
4,深圳,市场类,SNG11-腾讯云安全营销策划管理（深圳）
1,深圳,技术类,22025-沙盒类游戏后台开发（深圳）
1,深圳,技术类,TEG10-java后台开发工程师（深圳）
1,上海,设计类,15573-写实风格2D原画师（上海）
2,北京,技术类,OMG236-腾讯视频自然语言处理高级工程师（北京）
1,深圳,技术类,24111-医疗高级前端开发工程师
1,深圳,产品/项目类,18402-移动游戏数据分析和挖掘
1,深圳,职能类,18924-行政福利专员
1,北京,市场类,17759-腾讯视频VIP运营商渠道BD经理（北京）
1,北京,技术类,16078-金融安全解决方案经理（北京）
1,北京,市场类,SA-腾讯社交广告SMB电商行业经理（北京）
1,深圳,技术类,HY2-手游SDK终端开发高级工程师(深圳)
1,深圳,产品/项目类,SNG16-全民K歌海外版产品策划（深圳）
1,北京,市场类,16811-游戏IP拓展经理
1,北京,市场类,16811-IP用户运营
1,深圳,职能类,IEG-投资公司管理HRBP（深圳）
1,深圳,技术类,MIG09-语音合成算法研究员
2,深圳,技术类,SNG01-手机QQ移动端开发工程师（深圳）
2,深圳,技术类,18428-财付通清算业务开发工程师（深圳）
1,深圳,,23295-互娱公关经理（深圳）
1,深圳,市场类,23295-互娱王者荣耀内容经理
1,深圳,职能类,RP-共享服务运营经理（深圳）
1,深圳,职能类,MIG-组织发展经理（深圳）
1,深圳,产品/项目类,HY1-游戏安全产品经理（深圳）
1,深圳,产品/项目类,HY1-平台产品经理(深圳)
2,深圳,技术类,SNG06-QQ会员web开发工程师（深圳）
2,深圳,技术类,18435-风险数据挖掘高级工程师（深圳）
1,深圳,技术类,18435-web前端开发工程师（深圳）
1,上海,技术类,21062-Unity前台开发工程师（上海）
1,上海,产品/项目类,21062-资深游戏策划（上海）
2,北京,市场类,17759-商业分析师
1,深圳,技术类,TEG02-Hadoop开发工程师（深圳）
1,深圳,产品/项目类,SNG04-QQ看点数据分析高级产品经理（深圳）
1,深圳,技术类,RP-应用开发工程师（深圳）
1,深圳,职能类,13654-腾讯研究院高级金融研究员
1,北京,职能类,ZNB-秘书
1,深圳,产品/项目类,TEG15-高级计费产品经理（深圳）
1,深圳,职能类,XZ-高管秘书（深圳）
3,北京,内容编辑类,22088-腾讯体育BD及赛事专员(北京）
1,北京,技术类,23671-Web前端开发（北京）
3,北京,,SA-腾讯社交广告公关传播经理（北京）
1,深圳,产品/项目类,18402-移动游戏平台运营
2,上海,技术类,20503-视频监控人体算法研发工程师（上海）
1,上海,设计类,15614-2d人物设计（上海）
1,上海,设计类,15614-UI视觉设计师(上海）
1,上海,技术类,15614-PC游戏客户端开发工程师(上海）
1,上海,技术类,21761-测试经理（上海）
1,上海,设计类,21759-塔防类手游美术
1,深圳,产品/项目类,22989-腾讯云政务民生产品组leader（深圳）
1,深圳,设计类,18302-剑灵IP手游本地化资深3D场景设计师（深圳）
1,深圳,产品/项目类,18302-剑灵IP手游本地化主数值（深圳）
1,深圳,产品/项目类,18302-剑灵IP手游本地化系统策划（深圳）
1,深圳,产品/项目类,18302-剑灵IP手游本地化关卡策划（深圳）
1,深圳,设计类,18302-剑灵IP手游本地化资深3D角色设计师（深圳）
1,深圳,设计类,18302-剑灵IP手游本地化资深3D动画设计师（深圳）
1,深圳,设计类,18302-剑灵IP手游本地化资深3D特效设计师（深圳）
1,深圳,技术类,18302-剑灵IP手游本地化资深客户端工程师（深圳）
1,深圳,产品/项目类,21090-射击类游戏策划（深圳）
1,深圳,产品/项目类,21090-射击类游戏社区经理（深圳）
1,深圳,产品/项目类,21090-射击类游戏英语运营策划（深圳）
1,北京,产品/项目类,SA-腾讯社交广告产品渠道运营经理（品牌渠道）
3,北京,产品/项目类,SA-腾讯社交广告产品拓展运营（品牌行业）
1,深圳,市场类,17467-QQ会员高级品牌经理（深圳）
1,深圳,技术类,MIG16-Android研发工程师(深圳)
1,北京,产品/项目类,MIG16-车联网产品经理（内容方向）（北京）
6,深圳,,14914-互联网金融公关经理（深圳）
1,深圳,技术类,20016-QQ飞车手游高级测试工程师（深圳）
1,深圳,产品/项目类,24012-游戏社交产品策划（深圳）
1,深圳,产品/项目类,24012-资深游戏社交产品经理（深圳）
1,广州,市场类,WXG09-微信市场品牌经理（广州）
1,深圳,职能类,21530-腾讯音乐高级培训经理（深圳）
1,深圳,技术类,OMG236-P2P研发工程师（深圳）
1,深圳,市场类,OMG236-高级商务拓展经理（深圳）
2,深圳,技术类,OMG236-腾讯视频测试开发工程师（深圳）
2,北京,设计类,15612-高级场景原画设计师（北京）
2,美国,职能类,ZSC-IP counsel
1,北京,产品/项目类,23671-高级产品经理（北京）
1,深圳,职能类,MIG-HRBP（深圳）
1,上海,产品/项目类,HY2-产品总监（上海）
1,上海,产品/项目类,20503-项目经理（上海）
1,深圳,,23295-游戏公关传播经理（深圳）
2,深圳,市场类,23293-互娱棋牌类游戏产品品牌经理（深圳）
1,深圳,市场类,23295-游戏数据营销经理（深圳）
3,北京,市场类,HY6-影视发行大区经理（北京）
1,深圳,市场类,HY3-游戏市场分析经理（深圳）
1,深圳,市场类,21482-电竞明星经纪经理（深圳）
1,深圳,产品/项目类,21482-KPL赛事造星内容运营经理（深圳）
2,深圳,设计类,SNG08-社交平台部-ISUX-社交平台设计中心-视觉设计师（深圳）
2,深圳,市场类,21226-Senior Business Analysis Manager(ShenZhen)
1,深圳,技术类,18428-区块链产品web前端开发工程师（深圳）
2,深圳,设计类,SNG08-社交平台部-ISUX-社交平台设计中心-交互设计师（深圳）
3,深圳,技术类,TEG03-高级算法研发工程师（深圳）
2,北京,技术类,TEG03-高级算法研发工程师（深圳）
1,北京,市场类,22968-华北汽车行业销售
2,上海,市场类,22967-腾讯广告大客户渠道销售经理（上海）
2,深圳,技术类,TEG09-高级系统测试工程师（深圳）
1,深圳,技术类,15602-后台开发工程师（深圳）
2,深圳,技术类,15602-游戏程序客户端开发（深圳）
1,北京,内容编辑类,22086-国际足球编辑(北京）
2,北京,内容编辑类,22086-国内足球编辑(北京）
1,北京,内容编辑类,22086-冬奥项目内容编辑（北京）
1,深圳,设计类,15579-2D游戏角色美术师
1,深圳,产品/项目类,21228-MMORPG运营分析（深圳）
1,深圳,产品/项目类,21228-寻仙手游版本管理（深圳）
1,深圳,技术类,MIG12-高级网络安全工程师（深圳）
2,深圳,技术类,SNG02-QQ通信平台后台开发工程师（深圳）
1,深圳,技术类,MIG03-腾讯测试开发工程师（深圳）
1,深圳,技术类,MIG03-搜索评价优化工程师（深圳）
1,北京,技术类,17757-高级数据挖掘工程师（北京）
3,北京,技术类,MIG16-地图导航惯导开发工程师（北京）
1,北京,产品/项目类,22090-天天快报-推荐、搜索产品经理（北京）
2,深圳,市场类,16811-授权业务品牌策划
2,深圳,技术类,SNG17-QQ钱包后台开发工程师（深圳）
1,深圳,技术类,TEG05-运营开发工程师（深圳）
1,深圳,产品/项目类,SNG03-短视频内容运营（深圳）
1,深圳,产品/项目类,22989-腾讯云内容运营经理（深圳）
2,北京,市场类,22990-游戏云商务拓展（北京）
2,成都,市场类,22990-游戏云商务拓展（成都）
3,深圳,产品/项目类,22989-大数据人工智能产品中心项目经理（深圳/北京/上海/成都）
1,北京,市场类,SA-腾讯社交广告效果领域行业市场经理（北京）
1,北京,市场类,SA-腾讯社交广告市场研究经理（北京）
1,深圳,市场类,SA-腾讯社交广告市场研究经理（深圳）
3,深圳,,SA-腾讯社交广告公关传播经理（深圳）
1,北京,市场类,SA-腾讯社交广告市场营销知识管理经理（北京）
2,北京,市场类,SA-腾讯社交广告产品市场经理（北京）
2,深圳,市场类,SA-腾讯社交广告产品市场经理（深圳）
1,深圳,市场类,SA-腾讯社交广告SMB电商行业经理（深圳）
1,上海,市场类,SA-腾讯社交广告SMB区域业务拓展经理（上海）
3,北京,市场类,SA-腾讯社交广告SMB行业运营经理（北京）
3,深圳,市场类,SA-腾讯社交广告SMB行业运营经理（深圳）
1,上海,市场类,SA-腾讯社交广告SMB渠道运营经理（上海）
1,深圳,产品/项目类,20718-JD电商运营经理（深圳）
1,北京,技术类,MIG16--自动驾驶仿真模拟系统-三维重建工程师（北京）
1,北京,技术类,MIG16-自动驾驶仿真模拟系统-交通流仿真工程师（北京）
1,深圳,产品/项目类,20718-智能硬件电商产品运营（深圳）
1,深圳,产品/项目类,21228-移动游戏活动策划(深圳)
1,上海,技术类,HY1-高级测试开发工程师（上海）
1,上海,技术类,HY1-移动游戏高级测试开发工程师（上海）
1,深圳,产品/项目类,SNG17-QQ钱包游戏、娱乐场景运营经理（深圳）
1,深圳,产品/项目类,SNG17-QQ钱包商业支付KA客户运营经理（深圳）
1,深圳,产品/项目类,24111-项目经理
1,上海,技术类,20503-智能监控算法研究员（上海）
2,深圳,技术类,18428-腾讯区块链高级研发工程师(深圳)
1,深圳,职能类,MIG01-行政经理
1,广州,职能类,MIG01-部门秘书（广州）
1,深圳,技术类,20718-后台开发工程师（深圳）
0,深圳,设计类,15571-资深3D角色设计师（深圳）
2,北京,技术类,OMG236-腾讯视频推荐后台高级工程师（北京）
2,北京,技术类,OMG236-腾讯视频推荐算法高级工程师（北京）
1,深圳,技术类,HY2-大数据运维工程师（深圳）
2,广州,技术类,WXG06-114 微信支付应用开发工程师（广州）
3,深圳,技术类,TEG07-PHP开发工程师（深圳）
1,深圳,设计类,15581-欢乐游戏2D角色设计师（深圳）
5,深圳,技术类,WXG06-114 微信支付应用开发工程师（深圳）
1,深圳,设计类,15573-手游2D角色原画师（深圳）
1,深圳,产品/项目类,15573-手游系统与关卡策划（深圳）
2,深圳,技术类,23296-互娱前端开发工程师（深圳）
1,深圳,设计类,23296-互娱创意指导（深圳）
3,北京,产品/项目类,19838-剧本编审（北京）
1,深圳,职能类,ZSC-Overseas Intellectual Property (IP) Counsel
1,深圳,产品/项目类,18402-手游社区内容运营策划
1,北京,职能类,20764-高级政务经理（医疗方向）
1,深圳,产品/项目类,23517-3D换装手游平台合作
2,深圳,技术类,MIG07-安全技术高级工程师（深圳）
1,深圳,设计类,MIG07-视觉设计（企业安全方向）
1,深圳,技术类,MIG07-电脑管家后台开发工程师（深圳）
2,深圳,技术类,MIG07-数据安全研究（深圳）
1,上海,设计类,21062-资深AAA游戏美术指导（上海）
1,深圳,产品/项目类,SNG06-企鹅电竞高级产品策划（深圳）
1,深圳,市场类,HY5-互娱欧美商务经理（欧美重点客户）
1,深圳,产品/项目类,16175-海外游戏运营策划经理
2,深圳,产品/项目类,TEG10-高级运营经理（深圳）
1,深圳,技术类,TEG02-高级业务保障工程师（深圳）
1,深圳,技术类,TEG02-光模块测试工程师（深圳）
2,深圳,技术类,TEG06-高级云计算架构师（深圳）
2,深圳,技术类,TEG06-企业安全后台开发工程师（深圳）
1,深圳,技术类,TEG06-数据挖掘/机器学习后台高级工程师（深圳）
2,深圳,产品/项目类,22989-腾讯云资质认证项目经理（深圳）
2,深圳,设计类,19823-动画模型设计师（深圳）
1,深圳,技术类,SNG04-推荐工程师（深圳）
1,深圳,技术类,SNG04-推荐算法工程师（深圳）
1,深圳,技术类,TEG13-接入后台开发工程师（深圳）
1,深圳,技术类,MIG09-QQ浏览器前端技术专家/高级工程师
1,深圳,技术类,MIG03-腾讯Android开发工程师（深圳）
1,深圳,技术类,MIG13-金融安全策略
1,成都,产品/项目类,15575-《王者荣耀》IP运营项目经理（成都）
3,香港,市场类,GY0-Program Director（Hong Kong）
2,北京,技术类,23674-Android开发工程师（北京）
1,深圳,技术类,OMG236-腾讯视频后台开发高级工程师（深圳）
1,深圳,产品/项目类,OMG236-腾讯视频TV产品经理（深圳）
2,北京,内容编辑类,23672-腾讯新闻直播业务策划编辑（北京）
2,深圳,产品/项目类,SA-腾讯社交广告KA效果广告行业运营经理（深圳）
1,北京,职能类,20764-高级政府事务经理(广告方向)(北京)
1,深圳,技术类,TEG11-自然语言处理工程师（深圳）
3,北京,产品/项目类,MIG16-腾讯位置服务产品经理（北京）
2,深圳,产品/项目类,SA-腾讯社交广告KA效果广告产品运营经理（深圳）
1,北京,技术类,SA-腾讯社交广告高级系统测试工程师（北京）
1,北京,产品/项目类,SA-腾讯社交广告数据应用产品经理（北京）
1,深圳,产品/项目类,SA-腾讯社交广告数据应用产品经理（深圳）
2,深圳,产品/项目类,23518-移动游戏渠道运营经理（微信）
2,深圳,产品/项目类,23518-移动游戏渠道运营经理（手Q）
3,深圳,市场类,23516-战略规划/市场分析经理（深圳）
1,上海,技术类,15614-手游RPG资深后台开发（上海）
1,深圳,职能类,HY-高管秘书（深圳）
1,上海,产品/项目类,SA-腾讯社交广告数据应用产品经理（上海）
1,北京,技术类,22989-高级图像处理算法工程师（北京）
2,深圳,市场类,22990-渠道销售经理（深圳）
1,深圳,产品/项目类,22989-腾讯云流量运营经理（深圳）Hot!
2,深圳,技术类,22989-腾讯云高级后台开发工程师（AI方向）
1,深圳,职能类,9615-CDG高级秘书（深圳）
2,深圳,技术类,TEG05-后台开发工程师（深圳）
1,深圳,技术类,MIG12-数据平台后台开发工程师（深圳）
1,深圳,市场类,MIG18-青腾大学资深品牌经理（深圳）
2,深圳,产品/项目类,MIG18-青腾大学课程架构经理（深圳）
1,深圳,技术类,MIG06-应用宝前端开发工程师（深圳）
2,深圳,设计类,19823-动画电影分镜师（深圳）
1,北京,市场类,19837-电视剧宣传策划经理
2,北京,产品/项目类,19823-动漫IP经理
1,北京,设计类,19837-影视创意指导
1,北京,设计类,19837-海报设计师
1,深圳,职能类,TA-领导力专家（深圳）
1,深圳,职能类,CB-薪酬专家[长期激励方向（深圳）
1,深圳,职能类,SHR-HRBP（深圳）
1,深圳,职能类,RL-组织发展经理（深圳）
1,北京,产品/项目类,23671-平台产品运营（北京）
3,北京,技术类,23671-高级后台开发工程师（北京）
1,北京,技术类,23671-高级数据分析开发工程师(北京）
1,北京,技术类,23671-高级前端开发工程师(北京）
1,深圳,技术类,22989-金融云售中运维工程师（深圳）
1,深圳,技术类,22989-金融云售中架构师leader（深圳）
1,深圳,技术类,22989-金融云证券行业售前架构师（深圳）
1,深圳,技术类,22989-金融云保险行业售前架构师（深圳）
1,深圳,产品/项目类,22989-金融云官网运营经理（深圳）
2,深圳,技术类,22989-金融云后台开发工程师（深圳）
2,北京,技术类,22989-金融云售前架构师（北京）
2,上海,技术类,22989-金融云售前架构师（上海）
1,北京,技术类,MIG03-数据评测工程师（北京）
2,深圳,技术类,MIG03-AI数据处理工程师（深圳）
1,深圳,产品/项目类,18425-金融云解决方案高级经理(深圳)
1,深圳,技术类,18435-境外合规管理及审核岗
1,深圳,产品/项目类,21227-MMO回合制本地化策划/数值策划（深圳）
1,深圳,产品/项目类,22989-腾讯云加速高级产品运营经理（深圳）
2,上海,市场类,22989-企点电话销售高级经理（上海）
1,深圳,技术类,22989-云存储研发工程师（深圳）
1,上海,技术类,22990-腾讯云渠道架构师（上海）
2,北京,产品/项目类,22989-腾讯云行业高级运营经理（北京/深圳）
1,深圳,产品/项目类,22989-腾讯云行业运营经理
1,北京,产品/项目类,22989-腾讯云行业运营经理
1,深圳,技术类,22989-腾讯云存储web前端开发（深圳）
1,深圳,技术类,22989-腾讯云iOS高级研发工程师
0,深圳,技术类,22989-腾讯云网站服务后台开发高级工程师（深圳）
1,深圳,产品/项目类,22989-腾讯云培训认证leader（深圳）
1,深圳,产品/项目类,22989-腾讯云社区产品经理（深圳）
1,深圳,产品/项目类,SNG06-鹅漫U品电商类目运营经理（深圳）
2,北京,产品/项目类,SA-腾讯社交广告KA效果广告行业运营经理（北京）
2,北京,产品/项目类,SA-腾讯社交广告KA效果广告产品运营经理（北京）
1,北京,技术类,MIG16-地图数据机器学习算法高级研发工程师（北京）
1,北京,技术类,MIG16-自动驾驶机器人感知算法工程师(北京)
2,深圳,技术类,TEG03-机器学习和数据挖掘工程师（深圳）
1,深圳,市场类,19116-商务策略经理（深圳）
1,深圳,技术类,MIG12-用户画像挖掘工程师(深圳)
1,深圳,技术类,15571-后台开发工程师（深圳）
2,深圳,,22990-腾讯云高级传播经理（深圳）
1,深圳,产品/项目类,21089-版本运营策划（深圳）
1,成都,产品/项目类,MIG09-QQ浏览器漫画专区高级运营经理
1,深圳,市场类,WXG06-321 微信支付商务拓展经理（深圳）
3,深圳,市场类,22990-互联网+业务拓展
2,武汉,市场类,22990-互联网+业务拓展
3,北京,市场类,22990-互联网+业务拓展
2,深圳,产品/项目类,23516-H5游戏本地化策划
1,深圳,设计类,18425-视觉设计师
3,上海,技术类,15573-U3D MMORPG客户端开发高级工程师（上海）
2,上海,设计类,15573-SLG手游3D动画特效设计师（上海）
1,广州,职能类,18924-总经理秘书（广州）
1,深圳,产品/项目类,18425-基础支付产品策划经理
1,深圳,技术类,18425-微信国际支付应用高级开发工程师 (深圳)
1,深圳,产品/项目类,18425-微信国际支付产品策划经理
1,深圳,产品/项目类,15582-资深业务分析岗
1,上海,技术类,SNG07-天天P图系统测试工程师
1,上海,技术类,SNG07-测试开发工程师（上海）
1,上海,技术类,SNG07-看点系统测试工程师（上海）
1,深圳,产品/项目类,MIG10-微回收采销经理（深圳）
0,深圳,技术类,HY1-数据分析工程师（深圳）
1,深圳,技术类,HY1-用户画像大数据分析工程师（深圳）
1,上海,技术类,HY1-测试开发高级工程师（上海）
1,北京,职能类,BJ-安全管理经理
1,深圳,技术类,HY1-沙盒类手游技术美术（深圳）
2,深圳,职能类,S2-SNG财务管理（深圳）
1,成都,设计类,15575-《王者荣耀》品牌视觉设计师（成都）
1,广州,市场类,22968-华南食品饮料行业销售经理
2,深圳,技术类,SNG03-互动视频高级web前端开发工程师（深圳）
3,深圳,技术类,SNG03-兴趣部落Android开发工程师（深圳）
1,深圳,产品/项目类,SNG01-手机QQ-AR运营策划经理（深圳）
1,北京,产品/项目类,23674-新闻客户端产品经理
1,深圳,产品/项目类,18402-移动游戏数据分析
1,深圳,产品/项目类,23518-数据分析产品经理
2,深圳,产品/项目类,18402-本地化&运营活动策划
1,深圳,产品/项目类,18402-用户管理&数据分析
2,北京,产品/项目类,OMG148-产品经理（智慧旅游方向）
2,深圳,产品/项目类,18402-移动游戏平台合作
2,深圳,产品/项目类,18402-移动游戏商业化和活动设计
1,深圳,产品/项目类,23518-渠道合作产品经理
2,深圳,产品/项目类,23518-移动游戏渠道商务经理（厂商渠道）
2,深圳,技术类,24111-前端开发工程师
1,深圳,设计类,21062-高级动画特效设计师
1,深圳,技术类,HY2-云计算开发工程师（深圳）
1,深圳,设计类,23296-视觉设计师（深圳）
2,深圳,技术类,23294-互娱Web应用工程师(深圳)
2,深圳,产品/项目类,SNG16-QQ音乐票务产品运营经理（深圳）
1,深圳,产品/项目类,SNG16-QQ音乐粉丝社区运营经理（深圳）
1,深圳,产品/项目类,SNG16-QQ音乐粉丝社区产品策划经理（深圳）
1,深圳,产品/项目类,SNG16-QQ音乐数字专辑运营（深圳）
3,深圳,技术类,SNG16-腾讯音乐智能音频处理工程师（深圳）
1,上海,设计类,21062-资深AAA游戏关卡设计师（上海）
1,上海,设计类,21062-资深UnrealEngine技术美术（上海）
1,上海,技术类,21062-资深Unreal游戏逻辑工程师（上海）
2,上海,技术类,20503-优图专项测试工程师(上海）
1,深圳,职能类,RL-组织发展高级经理（干部管理）(深圳)
1,深圳,技术类,OMG236-腾讯视频iOS高级工程师（深圳）
1,深圳,技术类,17520-U3D手游客户端开发工程师(深圳)
3,深圳,技术类,17520-U3D手游客户端开发工程师(深圳)
2,深圳,设计类,24111-视觉设计师
1,深圳,技术类,GY0-海外腾讯云后台开发工程师（深圳）
1,深圳,职能类,S2-支付基础平台及金融应用线财务管理 (深圳)
1,北京,技术类,MIG03-移动端测试开发工程师（北京）
1,深圳,技术类,MIG03-移动端测试开发工程师（深圳）
1,深圳,技术类,MIG03-语音识别工程师（深圳）
1,深圳,产品/项目类,18428-支付平台产品经理
1,北京,职能类,20764-政府事务项目经理
3,深圳,技术类,18435-财付通高级风险分析师（深圳）
1,北京,职能类,20762-政府事务经理
2,成都,技术类,18435-商户审核岗（成都）
1,深圳,技术类,18435-反洗钱专家
1,深圳,技术类,MIG09-资讯大数据应用开发工程师
4,深圳,技术类,SNG16-全民K歌后台开发工程师（深圳）
1,广州,技术类,WXG02-112 微信运营开发高级工程师（广州）
1,广州,技术类,WXG02-113 微信后台开发高级工程师（广州）
1,上海,产品/项目类,21062-资深AAA游戏关卡策划（上海）
1,深圳,技术类,WXG04-113 微信游戏后台开发工程师（深圳）
1,广州,技术类,WXG04-111 微信游戏数据分析工程师（深圳、广州）
1,北京,技术类,OMG148-高级WEB前端开发工程师（北京）
1,深圳,技术类,MIG06-前端开发工程师（深圳）
1,北京,技术类,22989-腾讯云高级后台开发(互联网业务)（北京）
1,深圳,产品/项目类,MIG06-应用宝行业商务经理（深圳）
2,深圳,产品/项目类,MIG06-应用宝合作产品经理（深圳）
2,深圳,技术类,MIG06-搜索算法工程师（深圳）
2,深圳,技术类,SNG08-儿童英语后台开发工程师（深圳）
2,上海,设计类,SNG08-社交平台部-ISUX-天天P图项目组-视觉设计师（上海）
1,成都,产品/项目类,15575-《王者荣耀》市场内容运营（成都）
1,成都,设计类,15575-《王者荣耀》高级交互设计师（成都）
1,上海,产品/项目类,15573-MMOG手游资深世界观文案策划（上海）
1,上海,设计类,15573-MMOG手游交互设计师(上海)
1,深圳,技术类,HY2-高级linux c++开发工程师（深圳）
1,深圳,技术类,HY2-高级客户端开发工程师（深圳）
1,深圳,技术类,HY2-机器学习平台研发工程师（深圳）
1,上海,产品/项目类,24987-移动游戏产品运营经理（上海）
1,上海,技术类,15573-移动游戏客户端开发工程师（上海）
1,上海,产品/项目类,24987-移动游戏数据分析运营（上海）
3,广州,职能类,18924-行政专员（广州）
1,深圳,客户服务类,HY2-大客户管家（深圳）
1,深圳,技术类,HY2-iOS开发工程师（深圳）
1,深圳,技术类,HY2-安卓开发工程师（深圳）
1,深圳,技术类,HY2-数据库管理工程师（深圳）
1,深圳,产品/项目类,HY2-大客户服务产品运营（深圳）
1,深圳,产品/项目类,SNG08-QQ空间高级运营经理（深圳）
1,深圳,市场类,22990-腾讯云市场经理（深圳）
1,北京,技术类,SNG02-腾讯云汽车行业方案架构师（北京/上海/深圳）
1,上海,技术类,SNG02-腾讯云汽车行业方案架构师（北京/上海/深圳）
1,深圳,产品/项目类,SNG02-腾讯云汽车行业产品总监（深圳）
1,深圳,技术类,SNG02-腾讯云汽车行业方案架构师（北京/上海/深圳）
1,深圳,产品/项目类,22989-腾讯云数据运营高级项目经理（深圳）
1,深圳,职能类,21530-腾讯音乐招聘经理(深圳)
1,北京,产品/项目类,OMG148-售前工程师（云南项目）
1,深圳,市场类,MIG05-医疗产品高级品牌经理（深圳）
1,深圳,技术类,18425-国际支付业务基础开发高级工程师
1,深圳,技术类,MIG07-电脑管家客户端开发工程师（深圳）
1,深圳,技术类,MIG07-安全服务工程师（深圳）
1,深圳,产品/项目类,18425-清算产品经理
1,深圳,产品/项目类,MIG07-项目经理（深圳）
1,深圳,产品/项目类,18425-国际支付产品策划经理
1,香港,产品/项目类,18425-产品副总监
1,深圳,产品/项目类,18432-微黄金产品经理
1,深圳,产品/项目类,18425-区块链高级产品经理
1,深圳,产品/项目类,18425-产品运营经理
1,深圳,产品/项目类,18432-资产证券化产品经理
1,深圳,产品/项目类,18425-乘车码产品运营经理
1,深圳,产品/项目类,18402-内外部合作与市场推广接口人
1,深圳,技术类,OMG236-腾讯视频android高级工程师（深圳）
1,深圳,技术类,OMG236-腾讯视频TV后台开发工程师（深圳）
1,深圳,技术类,OMG236-视频推荐后台开发工程师（深圳）
1,深圳,技术类,OMG236-推荐算法工程师（深圳）
1,北京,技术类,OMG236-视频推荐算法工程师(北京)
1,深圳,市场类,18434-渠道经理
1,深圳,设计类,18428-交互设计师
1,深圳,设计类,TEG01-UI设计师（深圳）
1,深圳,设计类,TEG01-交互设计师（深圳）
1,深圳,产品/项目类,SNG16-QQ音乐渠道运营经理（深圳）
2,深圳,技术类,SNG16-推荐算法工程师（深圳）
1,深圳,技术类,SNG16-数据分析工程师（深圳）
1,深圳,设计类,15602-动画分镜设计（深圳）
1,北京,职能类,OMG093-企业文化运营经理（北京）
1,上海,市场类,OMG192-腾讯广告华东媒介专员（上海）
3,上海,产品/项目类,22989-营销云（高级）产品经理（上海）
3,上海,技术类,22989-广告/营销云（高级）工程师（上海）
1,深圳,技术类,22989-腾讯云中间件产品架构师（深圳）
2,深圳,产品/项目类,18402-移动游戏本地化&商业化活动策划
1,深圳,技术类,22989-腾讯云政务民生业务运维工程师（深圳）
2,上海,技术类,20503-智能商超研发工程师（上海）
1,深圳,市场类,23294-互娱品牌经理（深圳）
1,深圳,市场类,23292-穿越火线品牌经理（深圳）
1,深圳,市场类,23292-沙盒类游戏品牌经理（深圳）
1,上海,市场类,23293-互娱品牌经理(上海)
1,北京,内容编辑类,23672-新闻哥原创策划编辑
1,广州,市场类,OMG193-KA营销策划经理
1,北京,产品/项目类,23671-商业产品运营经理（北京）
4,北京,产品/项目类,20772-自制综艺节目制片人（北京）
2,北京,产品/项目类,20772-企鹅影视自制剧制片人（北京）
3,北京,产品/项目类,20772-企鹅影视天机工作室制片人（北京）
1,北京,技术类,OMG097-后台开发高级工程师(北京）
2,北京,技术类,OMG097-数据挖掘工程师(北京）
1,上海,产品/项目类,21229-高级代理游戏运营（上海）
1,深圳,产品/项目类,MIG06-硬件项目经理（深圳）
1,深圳,技术类,MIG18-开放平台前端开发工程师（深圳）
1,深圳,产品/项目类,SNG08-渠道运营管理经理（深圳）
1,深圳,产品/项目类,SNG08-QQ空间产品策划经理（深圳）
1,深圳,技术类,22989-腾讯云接入层运维工程师（深圳）
0,深圳,产品/项目类,22989-腾讯云网络产品策划（深圳）
2,深圳,技术类,22989-腾讯云高级工程师
1,深圳,产品/项目类,SNG04-QQ看点短视频高级产品经理
1,深圳,产品/项目类,WXG04-212 微信游戏产品策划经理
1,深圳,市场类,SNG06-鹅漫U品动漫IP商务经理（深圳）
1,深圳,技术类,SNG06-QQ会员平台后台开发工程师（深圳）
5,北京,技术类,17757-后台开发工程师（北京）
2,深圳,技术类,WXG06-113 微信支付事务型开发工程师(深圳)
1,深圳,产品/项目类,HY2-玩家线下活动产品运营（深圳）
1,深圳,技术类,HY2-PHP开发工程师（深圳）
1,上海,产品/项目类,21089-英雄联盟赛事生态运营（上海）
1,深圳,产品/项目类,21089-英雄联盟高级游戏运营(深圳)
1,深圳,技术类,HY2-游戏AI高级算法工程师（深圳）
1,深圳,产品/项目类,18796-wegame平台运营经理(深圳)
1,深圳,产品/项目类,21089-英雄联盟高级游戏运营经理(深圳)
2,深圳,产品/项目类,TEG12-运营支撑系统高级产品经理（深圳）
1,深圳,产品/项目类,21089-英雄联盟内外合作与市场推广(深圳)
1,重庆,技术类,TEG12-设施经理（重庆）
1,深圳,产品/项目类,21089-英雄联盟社群运营经理（深圳）
1,重庆,技术类,TEG12-专业主管（空调）（重庆）
1,深圳,产品/项目类,18796-wegame video产品运营经理（深圳）
2,深圳,技术类,TEG12-高级运营系统开发工程师（深圳）
1,深圳,技术类,MIG09-浏览器内核开发高级工程师-JS引擎方向
1,深圳,市场类,MIG15-叮当商务拓展总监
3,深圳,产品/项目类,18402-版本管理
1,深圳,职能类,AQ-司法协作经理
2,北京,内容编辑类,23673-证券频道品类运营编辑
1,上海,技术类,19157-车联物联安全 - 产品研发工程师（上海）
1,深圳,产品/项目类,15570-新RPG手游剧情策划（深圳）
1,上海,技术类,20503-移动端测试开发工程师（上海）
1,上海,技术类,20503-计算机视觉专家研究员职位（上海）
1,深圳,产品/项目类,23874-游戏评测方向游戏策划（深圳）
2,上海,市场类,22990-金融云商务拓展经理（上海）
2,深圳,市场类,22990-金融云商务拓展经理（深圳）
2,北京,市场类,22990-金融云商务拓展经理（北京）
1,上海,市场类,22990-企点行业渠道销售经理（上海）
1,深圳,产品/项目类,22989-腾讯云服务产品中心产品经理（深圳）
2,深圳,技术类,15612-火影忍者手游客户端开发工程师（深圳）
1,北京,市场类,HY6-内容营销经理（北京）
1,深圳,技术类,21062-游戏开发技术总监（深圳）
2,深圳,产品/项目类,MIG10-产品运营（深圳）
2,上海,技术类,15614-unity手游客户端开发（上海）
1,深圳,技术类,TEG02-硬件研发质量管理工程师（深圳）
3,深圳,技术类,22989-腾讯云运营产品中心中小企业解决方案架构师（北京/上海/深圳）
1,上海,产品/项目类,SNG08-天天P图开放合作策划（上海）
1,上海,产品/项目类,SNG08-天天P图移动客户端策划岗位（上海）
2,深圳,技术类,SNG08-社交平台iOS开发工程师（深圳）
2,深圳,产品/项目类,SNG08-阅读内容运营（深圳）
2,北京,技术类,OMG148-前端工程师（云南项目）
3,广州,市场类,22968-华南汽车行业销售（广州）
5,深圳,产品/项目类,21309-企鹅辅导高级教研经理（深圳）
1,深圳,产品/项目类,21309-K12在线教育教研总监（深圳）
1,深圳,产品/项目类,23517-3D换装手游版本管理
1,深圳,产品/项目类,23518-移动游戏渠道数据分析经理（精品游戏）
1,深圳,产品/项目类,18402-火影忍者赛事运营（深圳）
1,深圳,技术类,22989-腾讯云运营产品中心PHP运营开发工程师（深圳）
1,深圳,技术类,22989-腾讯云运营产品中心web前端开发工程师（深圳）
1,深圳,产品/项目类,22989-腾讯云交付项目经理（深圳）
1,北京,产品/项目类,23486-自选股行情产品经理-港美股（北京）
1,深圳,技术类,HY1-游戏数据深度分析平台架构师（深圳）
1,深圳,技术类,HY2-devops开发工程师
1,深圳,技术类,15571-FPS手游后台开发工程师（深圳）
1,上海,设计类,15614-技术美术（上海）
1,上海,产品/项目类,SNG08-天天P图产品运营－合作推广岗（上海）
1,深圳,技术类,14914-数据分析师（深圳）
2,广州,产品/项目类,WXG08-212 微信商业产品策划（广州）
2,广州,技术类,WXG01-117 微信Android客户端开发（广州）
2,深圳,产品/项目类,21309-企鹅辅导产品运营经理（深圳）
1,深圳,产品/项目类,21309-流量运营管理经理（深圳）
3,深圳,市场类,22990-腾讯云客户经理（北京/上海/深圳/成都/西安/杭州）
1,深圳,产品/项目类,SNG02-腾讯云视频行业市场运营经理(深圳)
1,上海,技术类,20503-优图技术实施工程师（上海）
1,上海,技术类,SNG08-天天P图Android开发工程师（上海）
3,深圳,市场类,22990-腾讯云广电运营商客户经理（北京/上海/深圳/成都）
2,北京,市场类,22990-视频云商务拓展（北京/上海）
2,北京,市场类,22990-腾讯云视频领域商务拓展（北京/上海）
1,广州,技术类,WXG01-117 微信iOS客户端业务开发工程师（广州）
1,北京,产品/项目类,TEG13-应急统筹项目经理（北京）
2,上海,技术类,22989-腾讯云医疗行业交付架构师（上海）
2,北京,技术类,22989-腾讯云医疗行业交付架构师（北京）
2,深圳,技术类,22989-腾讯云医疗行业交付架构师（深圳）
1,深圳,产品/项目类,17520-自研游戏制作人（深圳）
2,上海,产品/项目类,22989-腾讯云医疗行业产品经理（上海）
1,上海,产品/项目类,OMG064-商业产品经理（上海）
2,深圳,技术类,HY1-游戏安全运营开发工程师（深圳）
1,深圳,产品/项目类,21228-游戏社区运营（深圳）
1,上海,产品/项目类,OMG064-商业产品经理（上海）
1,深圳,设计类,21062-GUI高级视觉设计师（深圳）
1,深圳,市场类,23292-品牌经理（深圳）
1,深圳,,14914-整合传播公关经理（深圳）
1,深圳,产品/项目类,23517-仙侠类MMO平台合作
2,深圳,产品/项目类,22989-腾讯云社区运营经理（深圳）
1,深圳,设计类,18428-视觉设计师
2,深圳,技术类,22989-腾讯云产品架构师（偏生态建设方向）（深圳）
1,深圳,产品/项目类,18428-支付平台产品运营经理
1,北京,产品/项目类,22989-腾讯云产品副总监(互联网业务)
1,深圳,设计类,20718-交互设计师（深圳）
1,北京,技术类,22989-腾讯云研发副总监（互联网业务）
1,杭州,技术类,SNG02-QQ物联Android研发工程师（杭州）
1,杭州,技术类,SNG02-QQ物联C++开发工程师（杭州）
1,深圳,产品/项目类,SNG03-QQ群高级产品经理（深圳）
1,深圳,技术类,SNG03-音视频高级开发工程师（深圳）
1,深圳,技术类,SNG02-音视频高级开发工程师（深圳）
1,北京,内容编辑类,SNG03-兴趣部落运营经理（北京）
1,北京,技术类,WXG08-121 微信机器学习算法工程师（北京）
1,北京,技术类,WXG08-122 微信数据挖掘算法高级工程师（北京）
1,杭州,技术类,SNG02-QQ物联web前端开发工程师(杭州)
1,深圳,市场类,23294-互娱移动游戏渠道营销拓展渠道经理（深圳）
1,深圳,产品/项目类,SNG06-QQ动漫平台运营经理（深圳）
1,深圳,产品/项目类,18402-移动游戏项目管理
1,深圳,产品/项目类,22850-腾讯视频VIP会员渠道运营经理
2,深圳,产品/项目类,23671-商业策略产品经理
1,深圳,技术类,22989-腾讯云运营开发工程师（深圳）
1,深圳,技术类,MIG03-后台开发工程师（深圳）
1,上海,技术类,HY2-技术总监(上海）
2,北京,技术类,22090-天天快报-后台开发工程师（北京）
1,北京,产品/项目类,22090-天天快报-高级产品运营（北京）
1,北京,产品/项目类,22090-天天快报-数据产品组组长（北京）
1,深圳,产品/项目类,24012-创意影游编剧（深圳）
1,北京,技术类,23048-浏览器Web高级开发工程师（北京）
1,北京,技术类,22090-天天快报-Android开发工程师(北京)
2,深圳,技术类,SNG02-视频云运营开发工程师(深圳)
1,北京,市场类,23671-企鹅号高级公关传播经理(北京）
1,北京,产品/项目类,23671-资深内容/产品运营经理(北京）
3,北京,技术类,23671-OM高级软件工程师-后台开发
1,北京,技术类,22086-前端开发（北京）
1,上海,设计类,15614-手游UI交互设计师（上海）
2,上海,设计类,15614-slg手游3d场景美术（上海）
1,上海,设计类,21759-高级游戏UI视觉设计
1,上海,设计类,15614-UI视觉设计（上海）
1,上海,设计类,15614-SLG 手游主美（上海）
1,上海,产品/项目类,15614-大型游戏开发项目经理(数据管理) (上海）
1,上海,产品/项目类,15614-资深SLG系统策划（上海）
1,深圳,产品/项目类,21229-回合手游商业化本地化策划（深圳）
1,合肥,技术类,20503-深度学习图像算法工程师(合肥)
2,合肥,技术类,20503-深度学习图像算法研究(合肥)
4,上海,技术类,20503-医疗图像理解研究员（上海）
1,深圳,职能类,ZSC-涉外商标律师（美国）
1,深圳,职能类,ZSC-专利律师
1,深圳,技术类,SA-腾讯社交广告大数据开发工程师（微信广告方向）
1,北京,技术类,SA-腾讯社交广告联盟策略开发工程师（北京）
1,深圳,技术类,MIG03-web前端高级开发工程师
1,北京,技术类,MIG03-测试开发工程师（北京）
1,深圳,技术类,20718-精准推荐高级工程师（深圳）
4,北京,产品/项目类,17757-腾讯网数据分析师（北京）
2,北京,产品/项目类,MIG16-地图数据工艺产品经理(北京)
2,深圳,产品/项目类,SA-腾讯社交广告KA渠道数据分析师（深圳）
4,深圳,产品/项目类,SA-腾讯社交广告KA渠道运营经理（深圳）
1,深圳,产品/项目类,21090-射击类游戏运营项目经理（深圳）
1,深圳,产品/项目类,21090-射击类游戏商业化策划（深圳）
1,深圳,产品/项目类,18797-游戏运营（深圳）
1,上海,设计类,SNG10-3D视觉设计师（上海）
1,深圳,技术类,GY0-JOOX 安卓开发工程师（深圳）
2,深圳,技术类,GY0-JOOX 后台开发工程师（深圳）
1,深圳,市场类,SNG06-鹅漫U品游戏IP商务经理（深圳）
1,深圳,市场类,SNG06-鹅漫U品影视IP商务经理（深圳）
1,深圳,市场类,SNG06-鹅漫U品IP商务经理（艺人明星方向）（深圳）
1,深圳,技术类,SNG06-企鹅电竞Android高级开发工程师（深圳）
2,深圳,技术类,SNG06-鹅漫U品后台开发工程师（深圳）
1,深圳,技术类,SNG06-企鹅电竞Android开发工程师（深圳）
1,深圳,市场类,14914-品牌营销经理（深圳）
2,深圳,,14914-互动传播经理（深圳）
1,上海,产品/项目类,21229-沙盒游戏产品技术PM（上海）
1,深圳,设计类,24491-王者荣耀全球版-3D角色设计师（深圳）
1,北京,设计类,23486-交互设计师（北京）
2,深圳,产品/项目类,21226-Overseas Game Publishing Producer（ShenZhen）
3,深圳,产品/项目类,21226-Senior Overseas Publishing Manager（ShenZhen）
3,深圳,产品/项目类,GH-物联网行业解决方案架构师
3,深圳,技术类,GH-Web前端开发工程师
1,深圳,技术类,GH-客户端开发工程师
1,北京,设计类,OMG097-视觉设计师（北京）
1,北京,产品/项目类,23671-平台产品经理（北京）
1,深圳,产品/项目类,MIG07-安全行业产品经理（深圳）
1,北京,技术类,OMG097-前端开发工程师（北京）
1,深圳,产品/项目类,MIG09-浏览器社区高级内容运营经理
2,深圳,技术类,MIG09-浏览器社区后台工程师
2,深圳,技术类,MIG09-浏览器社区后台高级工程师
1,深圳,产品/项目类,MIG09-浏览器综合资讯功能产品经理
1,深圳,技术类,MIG18-Android终端开发工程师（深圳）
1,深圳,技术类,MIG09-浏览器视频专区后台开发工程师
1,深圳,产品/项目类,MIG09-浏览器游戏平台运营经理
1,深圳,产品/项目类,MIG09-浏览器社区用户运营经理
2,上海,技术类,20503-优图服务运营开发工程师(上海）
3,香港,市场类,GY0-Senior Manager (Cloud Solutions)
1,上海,产品/项目类,15573-SLG手游高级策划（上海）
1,深圳,技术类,OMG064-后台开发工程师（深圳）
1,成都,技术类,MIG03-AI评价优化高级工程师（成都）
2,上海,产品/项目类,21229-本地化游戏策划（上海）
1,成都,设计类,15575-天美L1手游动画设计师（成都）
1,深圳,技术类,18302-游戏后台开发工程师（深圳）
1,深圳,技术类,TEG09-接入业务后台开发工程师（深圳）
1,深圳,技术类,TEG09-架构平台运营开发工程师（深圳）
1,北京,设计类,15612-次世代3D角色美术（美术）（北京）
1,北京,,16811-IP运作总监
2,深圳,设计类,19823-动画电影美术设计师（深圳）
1,深圳,职能类,FWZ-高级法律顾问（深圳）
2,上海,技术类,15760-游戏测试开发工程师（上海）
1,深圳,技术类,18435-高级反洗钱合规管理（深圳）
1,深圳,产品/项目类,15665-棋牌游戏内容运营管理
2,深圳,设计类,15712-互娱用户研究（深圳）
2,北京,技术类,SA-腾讯社交广告算法工程师（质量研发中心 北京）
4,深圳,技术类,19116-互联网+nodejs前端开发工程师（深圳）
1,深圳,技术类,15851-前端开发工程师
1,深圳,技术类,HY1-手机游戏测试开发工程师(深圳)
1,深圳,技术类,HY1-高级运维工程师（深圳）
1,深圳,技术类,TEG15-计费风控后台开发工程师（深圳）
1,上海,设计类,21062-高级游戏美术师（上海）
1,深圳,内容编辑类,HY2-用户平台运营和传播（深圳）
1,深圳,设计类,18796-移动端交互设计师（深圳）
1,深圳,设计类,18796-WeGame平台交互设计师（深圳）
1,深圳,技术类,21309-在线教育ios高级开发工程师（深圳）
2,深圳,,14914-社交网络事业群公关经理（深圳）
2,北京,职能类,AQ-行业合作经理（北京）
2,深圳,职能类,AQ-数据分析经理
2,深圳,技术类,MIG09-NLP算法高级工程师
1,深圳,产品/项目类,XN-移动客户端产品运营经理（渠道商务方向）
1,深圳,技术类,HY2-WEB开发工程师（深圳）
1,深圳,市场类,GY0-海外商务拓展（深圳）
1,广州,职能类,S2-数字广东网络建设有限公司财务总监（广州）
1,上海,产品/项目类,19407-移动游戏平台合作（上海）
1,上海,设计类,15614-天刀次世代游戏3D场景制作（上海）
2,上海,设计类,15614-天刀3D游戏动画设计师1（上海）
2,上海,设计类,15614-天刀场景原画设计（上海）
2,上海,设计类,15614-天刀角色原画师（上海）
2,上海,设计类,15614-天刀3D角色设计师(上海）
1,深圳,技术类,15570-新RPG手游高级引擎开发工程师（深圳）
2,深圳,技术类,TEG15-结算平台运营开发工程师（深圳）
1,深圳,技术类,15570-新RPG手游客户端开发工程师（深圳）
1,深圳,产品/项目类,21085-沙盒游戏产品本地化策划（深圳）
1,上海,技术类,21085-游戏运营开发工程师（上海）
2,深圳,产品/项目类,21085-内部平台运营与市场推广（深圳）
1,深圳,产品/项目类,21085-运营活动策划（深圳）
1,深圳,技术类,MIG07-游戏加速后台开发工程师（深圳）
1,深圳,产品/项目类,21085-社区和用户运营策划（深圳）
1,深圳,产品/项目类,MIG07-资讯产品内容运营经理（深圳）
1,深圳,设计类,16175-海外游戏品牌设计
1,深圳,设计类,16810-腾讯动漫UI视觉设计师（深圳）
1,北京,技术类,TEG17-AI LAB语音识别研发工程师(深圳）
1,深圳,产品/项目类,SNG02-腾讯云高级产品运营经理（深圳）
1,深圳,设计类,20718-UI视觉设计师（深圳）
2,深圳,技术类,TEG15-运营平台开发工程师（深圳）
2,深圳,技术类,15581-欢乐麻将Unity开发工程师（深圳）
1,深圳,技术类,15581-欢乐游戏新项目Unity开发工程师（深圳）
1,北京,技术类,OMG236-腾讯视频搜索数据模型高级工程师(北京)
1,深圳,技术类,OMG236-腾讯视频搜索排序工程师(深圳)
1,北京,内容编辑类,OMG148-汽车中心-编辑（北京）
1,深圳,职能类,S2-风险管理及内部控制分析师(IT或数据分析方向)(深圳)
1,深圳,技术类,15581-欢乐斗地主手机版客户端开发工程师（深圳）
2,上海,产品/项目类,18796-日语游戏海外PM（上海）
1,上海,产品/项目类,18796-英语游戏海外PM（上海）
1,深圳,技术类,MIG07-安全研究员（深圳）
2,深圳,技术类,SNG08-QQ空间平台后台开发工程师（深圳）
2,深圳,产品/项目类,23874-腾讯游戏评测经理（深圳）
1,北京,设计类,OMG097-视觉设计师（北京）
2,深圳,产品/项目类,23517-仙侠类MMO市场推广
2,深圳,产品/项目类,21309-企鹅辅导高级产品策划经理（深圳）
4,上海,市场类,22990-华东区域销售经理（上海）
3,深圳,技术类,TEG14-分布式NOSQL存储后台开发工程师（深圳）
1,上海,市场类,OMG192-国际BD组（上海）
1,深圳,产品/项目类,18671-手游数据分析经理（深圳）
2,深圳,技术类,TEG14-资深中间件研发工程师（深圳）
1,深圳,设计类,WXG06-微信支付高级服务设计师（深圳）
1,深圳,技术类,GY0-JOOX Web开发工程师（深圳）
1,深圳,技术类,MIG07-电脑管家客户端开发工程师（深圳）
1,广州,职能类,WXG-招聘经理（广州）
1,深圳,技术类,MIG18-开放平台广告算法工程师（深圳）
1,北京,职能类,OMG-HRBP（北京）
2,深圳,技术类,23486-证券业务C++后台开发高级工程师（深圳）
1,广州,技术类,WXG03-113 微信开放平台后台开发工程师（广州）
1,成都,产品/项目类,15575-《王者荣耀》资深关卡策划（成都）
1,深圳,产品/项目类,22989-游戏行业云产品运营-海外方向（深圳）
1,深圳,技术类,SNG03-互动视频JAVA后台开发工程师（深圳）
1,深圳,技术类,SNG02-Web前端高级开发工程师（深圳）
9,深圳,技术类,SNG03-互动视频C++/C后台开发工程师（深圳）
1,深圳,产品/项目类,SNG03-互动视频合作运营经理（深圳）
1,深圳,技术类,SNG02-QQ多媒体通信后台高级工程师（深圳）
1,北京,内容编辑类,23675-媒体拓展高级经理
2,上海,产品/项目类,19332-高级产品运营经理（上海）
1,深圳,设计类,21062-高级游戏美术师
2,深圳,技术类,21062-高级unity客户端开发工程师（深圳）
1,深圳,设计类,21062-高级美术经理
1,深圳,技术类,18796-Windows客户端开发工程师（深圳）
1,深圳,客户服务类,HY2-投诉处理谈判专家（深圳）
1,深圳,产品/项目类,21228-体育游戏活动策划(深圳）
1,深圳,市场类,WXG06-213 微信支付城市商业拓展经理（深圳）
1,深圳,职能类,AQ-投后安全经理（深圳）
1,深圳,职能类,S2-游戏运营风控经理(深圳）
1,北京,技术类,OMG097-后台开发工程师（北京）
1,深圳,职能类,S2-财经外联与拓展经理（深圳）
1,深圳,产品/项目类,MIG03-EP改进项目经理（深圳/北京）
1,深圳,技术类,MIG03-智能产品测试经理（深圳）
4,成都,技术类,SNG07-云测试高级工程师（成都）
1,深圳,技术类,22989-腾讯云网络规划工程师（深圳）
0,深圳,产品/项目类,MIG18-应用宝联运游戏运营经理（深圳）
3,深圳,技术类,SNG06-QQ手游平台C++后台开发工程师（深圳）
1,深圳,产品/项目类,18402-内外部合作与市场推广接口人
1,深圳,产品/项目类,18402-移动游戏本地化商业化活动策划
1,深圳,产品/项目类,21227-移动游戏市场平台合作
1,深圳,产品/项目类,23516-移动游戏数据分析
1,深圳,设计类,17520-项目主美术（深圳）
1,深圳,技术类,15851-棋牌Web前端开发工程师（深圳）
1,深圳,产品/项目类,15665-棋牌游戏内容渠道管理
1,深圳,技术类,HY2-后台开发工程师（深圳）
1,深圳,技术类,HY2-数据分析开发师（深圳）
1,深圳,产品/项目类,HY2-心悦俱乐部产品经理（深圳）
1,深圳,技术类,HY2-海外游戏运维工程师（深圳）
1,深圳,产品/项目类,HY2-心悦俱乐部用户运营
1,深圳,技术类,HY2-游戏高级运维工程师（深圳）
1,上海,设计类,21229-UI设计师（上海）
1,上海,产品/项目类,TEG02-IDC网络项目经理（上海）
1,上海,技术类,HY2-高级前端开发工程师(上海)
1,北京,内容编辑类,22088-体育赛事运营经理（北京）
1,深圳,技术类,WXG06-122 微信支付商户数据挖掘工程师（深圳）
1,深圳,职能类,AQ-安全智库经理（深圳）
1,深圳,产品/项目类,15583-桌游用户与社区运营
1,深圳,技术类,19867-U3D客户端开发工程师（深圳）
2,深圳,技术类,19867-游戏后台高级开发工程师（深圳）
1,深圳,设计类,19867-游戏美术2D设计（深圳）
1,深圳,产品/项目类,19867-高级游戏策划（深圳）
1,深圳,技术类,15581-欢乐手游服务器开发工程师（深圳）
1,深圳,技术类,15581-欢乐手游服务器开发工程师（深圳）
1,深圳,设计类,15665-漫画美术指导
2,深圳,产品/项目类,15665-IP文学策划（深圳）
1,深圳,设计类,15665-2D角色设计师（深圳）
2,深圳,市场类,15712-互娱商业分析经理(深圳)
0,深圳,设计类,15687-技术美术
4,深圳,设计类,15687-3D游戏角色专家（深圳）
1,深圳,设计类,15687-高级游戏美术师（深圳）
1,深圳,技术类,15851-游戏引擎开发工程师（深圳）
1,深圳,技术类,15851-游戏AI开发工程师（深圳）
1,深圳,技术类,15851-游戏机器学习研究员（深圳）
1,深圳,技术类,15851-游戏后台开发主程序（深圳）
1,深圳,技术类,15851-游戏后台开发工程师（深圳）
1,深圳,技术类,15851-游戏前台开发工程师(客户端)（深圳）
1,北京,技术类,22989-腾讯云日志服务后台开发工程师（北京）
3,深圳,产品/项目类,22989-腾讯云PAAS产品中心产品经理（深圳）
1,深圳,技术类,22989-腾讯云运维交付工程师（深圳）
1,深圳,技术类,22989-腾讯云官网Web前端开发工程师（深圳/北京/上海/成都）
1,深圳,技术类,22989-腾讯云安全运维工程师（深圳）
1,成都,技术类,22989-腾讯云官网web前端开发工程师（成都）
2,深圳,技术类,SA-腾讯社交广告数据分析工程师（微信广告方向）
1,深圳,技术类,MIG03-高级智能创新产品测试开发工程师
1,深圳,技术类,20718-web前端开发工程师
1,深圳,技术类,MIG12-数据平台架构师（深圳）
1,深圳,技术类,MIG12-大数据平台高级架构师（深圳）
2,深圳,市场类,23295-媒介经理（产品传播方向）（深圳）
1,北京,设计类,15612-3D动画特效设计师（北京）
2,北京,设计类,15612-2D角色原画设计师（北京）
1,北京,设计类,MIG03-车联网视觉设计师（北京）
2,深圳,技术类,TEG11-GPU并行计算工程师（深圳）
2,深圳,产品/项目类,XN-产品运营经理（深圳）
2,深圳,技术类,WXG06-111 微信支付数据分析工程师（深圳）
1,深圳,技术类,18428-金融应用高级运维工程师（深圳）
3,深圳,设计类,SNG10-交互设计师（深圳）
1,深圳,产品/项目类,21229-高级游戏市场产品分析（深圳）
1,上海,产品/项目类,21229-高级游戏市场产品分析（上海）
1,深圳,职能类,HY-高管秘书（深圳）
1,北京,技术类,SA-腾讯社交广告高级运维工程师（北京 ）
1,上海,产品/项目类,15573-SLG类手游商业化策划（上海）
1,深圳,产品/项目类,SNG04-厘米秀高级产品运营（深圳）
1,北京,技术类,MIG16-腾讯地图自然语言处理高级工程师(北京)
1,深圳,技术类,SNG11-QQ业务高级技术运营工程师（深圳）
1,深圳,技术类,MIG12-大数据算法应用高级架构师（深圳）
2,深圳,产品/项目类,SNG03-国内考试/职业类目高级运营经理（深圳）
1,深圳,技术类,HY1-游戏测试组长（深圳）
1,成都,设计类,15575-天美L1手游高级UI设计师（成都）
1,深圳,产品/项目类,XN-竞猜产品运营经理（深圳）
1,北京,产品/项目类,23048-桌面QQ浏览器网页游戏运营经理（北京）
1,深圳,技术类,HY2-运营产品策划（深圳）
2,深圳,技术类,18796-Linux 后台开发工程师(深圳）
1,北京,技术类,23674-新闻客户端开发总监
2,深圳,技术类,22989-腾讯云资源运营系统开发工程师（深圳）
2,深圳,技术类,22989-腾讯云行业SAAS生态架构师（深圳/上海/北京）
2,深圳,技术类,22989-腾讯云平台生态架构师（深圳/上海/北京）
1,深圳,技术类,22989-数据库方向后台开发高级工程师（深圳）
1,深圳,技术类,22989-云计算研发工程师（深圳）
1,深圳,产品/项目类,MIG15-AI终端高级产品经理
2,北京,设计类,15612-3D角色设计师（北京）
2,深圳,技术类,TEG07-web前端开发工程师（深圳）
1,深圳,职能类,AQ-法律合作研究经理（深圳）
1,深圳,技术类,MIG18-开放平台-应用宝后台开发工程师（深圳）
2,深圳,技术类,SNG11-视频云高级业务运维工程师（深圳）
1,深圳,职能类,15582-业务流程管理（深圳）
2,深圳,技术类,20503-高性能计算软件架构开发工程师（深圳）
1,深圳,市场类,15582-游戏工作室品牌经理（深圳）
4,深圳,市场类,17467-SNG市场部-品牌经理（深圳）
1,深圳,产品/项目类,21309-IT类目经理（深圳）
2,深圳,技术类,SNG08-QQ空间WEB前端工程师（深圳）
2,深圳,产品/项目类,22989-营销云（高级）产品经理（深圳）
2,北京,技术类,SA-腾讯社交广告策略实验系统开发工程师（北京）
1,北京,职能类,BJ-员工福利经理（北京）
1,深圳,产品/项目类,19116-互联网+移动支付行业经理（深圳）
1,北京,产品/项目类,24548-电视剧商业制片人
1,深圳,技术类,22989-腾讯云高级web前端开发工程师（深圳）
1,深圳,技术类,SNG16-腾讯音乐音质检测与评估算法工程师（深圳）
1,深圳,技术类,SNG16-腾讯音乐全民K歌音频算法工程师（深圳）
1,深圳,技术类,SNG16-腾讯音乐音频算法工程师（深圳）
1,深圳,技术类,MIG07-PC客户端开发（企业安全方向）（深圳）
1,深圳,技术类,WXG02-154 微信游戏系统测试工程师（深圳）
1,济南,市场类,19116-互联网+商务拓展经理（济南）
1,深圳,产品/项目类,TEG13-数据产品经理（深圳）
2,上海,技术类,19332-AI算法工程师（上海）
2,上海,技术类,SNG08-图像算法岗位（上海）
1,深圳,产品/项目类,SNG16-腾讯音乐综艺运营策划（深圳）
2,北京,技术类,OMG097-业务运维（北京）
1,北京,技术类,22090-天天快报-IOS开发工程师（北京）
1,深圳,设计类,15571-3D场景设计师（深圳）
1,深圳,技术类,HY1-自然语言处理高级工程师（深圳）
1,深圳,技术类,HY1-客户端安全开发工程师（深圳）
1,深圳,技术类,18435-风控后台开发工程师（深圳）
1,深圳,技术类,18428-金融业务安全工程师
1,深圳,技术类,TEG03-机器学习平台高级工程师（深圳）
1,北京,内容编辑类,23673-新闻热点运营编辑（北京）
1,深圳,技术类,TEG09-机器学习平台研发工程师（深圳）
1,广州,技术类,WXG02-113 微信后台开发工程师（广州）
1,深圳,技术类,MIG18-开放平台-应用宝后台开发工程师（深圳）
1,深圳,市场类,MIG18-双百计划商业分析师（深圳）
1,深圳,产品/项目类,MIG06-AI内容服务产品策划经理（深圳）
1,深圳,产品/项目类,MIG06-AI高级产品策划经理（深圳）
1,深圳,产品/项目类,SNG16-QQ音乐绿钻产品运营（特权策划运营）
2,深圳,技术类,SNG04-手Q厘米秀IOS开发工程师（深圳）
1,深圳,设计类,SNG16-高级交互设计师（深圳）
1,深圳,职能类,HGJ-法务文员
1,深圳,技术类,HGJ-应用开发工程师
1,深圳,职能类,HGJ-Legal counsel
1,武汉,职能类,20765-区域政务经理
1,广州,职能类,FWZ-维权律师（广州）
1,深圳,职能类,CG-采购商务主管（深圳）
1,深圳,产品/项目类,TEG05-安全产品海外运营经理（深圳）
1,深圳,技术类,HY2-C++后台开发工程师（深圳）
1,深圳,产品/项目类,22989-腾讯云计费平台高级产品经理(深圳)
1,深圳,职能类,S2-高级内部控制分析师(深圳)
1,深圳,市场类,17467-企鹅电竞高级品牌经理（深圳）
1,深圳,技术类,SA-腾讯社交广告后台开发工程师内部广告方向（深圳）
1,深圳,技术类,TEG15-web前端开发工程师（深圳）
1,深圳,产品/项目类,23518-商业分析经理
1,深圳,产品/项目类,23518-移动游戏运营经理（创新品类）
1,深圳,产品/项目类,23518-流程管理经理（深圳）
1,北京,技术类,19116-互联网+行业大数据高级工程师（北京）
1,上海,技术类,19116-互联网+行业大数据高级工程师（上海）
1,成都,技术类,19116-互联网+行业大数据高级工程师（成都）
1,深圳,产品/项目类,TEG10-技术规划工程师（深圳）
2,深圳,技术类,21557-音视频实验室视频内核专家（深圳）
1,韩国,市场类,GY0-Senior Business Development Manager(Korea)
2,深圳,技术类,21557-音视频实验室计算机视觉开发高级工程师（深圳）
2,深圳,技术类,21557-音视频实验室音频内核专家（深圳）
2,深圳,技术类,21557-音视频实验室音频算法专家（深圳）
2,深圳,技术类,21557-音视频实验室视频网络专家（深圳）
1,北京,市场类,24549-创新策略经理（北京）
1,北京,内容编辑类,16810-腾讯动漫内容运营
1,成都,设计类,15575-《王者荣耀》3D场景资深设计师（成都）
1,北京,产品/项目类,19116-大数据产品及行业解决方案经理（北京/上海/深圳）
1,上海,产品/项目类,19116-大数据产品及行业解决方案经理（北京/上海/深圳）
1,深圳,产品/项目类,19116-大数据产品及行业解决方案经理（北京/上海/深圳）
1,北京,技术类,22086-数据分析（北京）
1,深圳,产品/项目类,19116-互联网+项目管理经理（深圳）
2,深圳,市场类,14914-营销研究经理（深圳）
2,深圳,产品/项目类,16541-音频策划（深圳）
2,深圳,技术类,TEG05-安全研究员（深圳）
1,北京,设计类,MIG16-自动驾驶仿真模拟系统-技术美术（北京）
2,深圳,技术类,TEG05-高级数据挖掘工程师（深圳）
1,深圳,技术类,TEG05-情报分析师（深圳）
5,深圳,职能类,18924-部门秘书（深圳）
1,深圳,产品/项目类,20589-海外游戏合作管理（深圳）
1,深圳,技术类,SNG11-腾讯云高级客户端开发工程师
2,上海,技术类,20503-视频AI算法研究员（上海）
1,深圳,技术类,HY2-前端高级开发工程师（深圳）
1,北京,市场类,SNG04-兴趣部落商务拓展高级经理（北京）
1,深圳,产品/项目类,SNG04-兴趣部落产品策划（深圳）
3,北京,产品/项目类,SNG04-兴趣部落运营经理（北京）
1,深圳,产品/项目类,SNG04-兴趣部落产品策划（深圳）
1,深圳,技术类,TEG05-web前端开发工程师（深圳）
1,深圳,设计类,15612-3D场景组长（深圳）
1,深圳,市场类,22990-行业策略规划岗（深圳）
1,深圳,技术类,TEG12-海外数据中心经理（深圳）
2,深圳,技术类,22989-智慧零售行业Web开发工程师（深圳）
2,深圳,技术类,18428-金融云后台开发工程师
1,广州,职能类,S2-数字广东网络建设有限公司财务总监（广州）
1,深圳,技术类,MIG03-后台测试开发高级工程师（深圳）
2,北京,产品/项目类,MIG16-地图数据项目经理（北京）
1,深圳,技术类,24111-可视化前端开发工程师
1,深圳,产品/项目类,20589-海外PM(深圳)
1,南京,技术类,19116-互联网+解决方案架构师
1,深圳,产品/项目类,19116-互联网+医疗产品运营经理（深圳）
1,深圳,技术类,19116-互联网+解决方案架构师
1,深圳,产品/项目类,18432-资产证券化产品组组长
4,北京,职能类,18432-政府事务总监（北京）
1,深圳,职能类,18432-政府事务副总监（北京)
1,北京,产品/项目类,22090-天天快报-短视频推荐策略产品经理（北京）
1,深圳,产品/项目类,SNG16-QQ音乐VIP产品运营经理（深圳）
1,深圳,技术类,MIG03-安全产品测试组长（深圳）
1,深圳,技术类,OMG097-Android客户端开发工程师（深圳）
2,上海,技术类,20503-深度学习应用研发工程师（上海）
1,上海,产品/项目类,15573-SLG类手游活动策划（上海）
3,北京,技术类,MIG16-地图质量工程师（北京）
1,深圳,市场类,23295-互娱媒介拓展经理（运营）（深圳）
1,深圳,职能类,AQ-情报分析经理
4,深圳,市场类,22990-腾讯云投资并购经理（深圳/北京/上海）
3,深圳,技术类,22989-腾讯云物联网方向研发（高级）工程师（深圳/北京/上海）
1,北京,产品/项目类,23671-短视频运营产品经理(北京）
1,北京,技术类,22086-体育产品后台开发（北京）
1,深圳,技术类,TEG15-Mysql数据库架构师（深圳）
2,北京,技术类,TEG15-Mysql数据库架构师（北京）
1,深圳,技术类,18796-Wegame平台测试工程师（深圳）
2,深圳,产品/项目类,17520-自研游戏策划（深圳）
2,深圳,产品/项目类,SNG06-QQ手游平台高级运营经理（深圳）
1,深圳,技术类,MIG07-PC安全开发工程师（腾讯电脑管家）（深圳）
3,深圳,技术类,22989-大数据和人工智能开发工程师 （深圳/北京/上海/成都）
2,深圳,产品/项目类,21090-射击类游戏市场推广（深圳）
1,深圳,技术类,22989-大数据和人工智能高级开发工程师 （深圳/北京/上海/成都）
1,北京,技术类,23674-腾讯新闻后台测试组长
2,北京,技术类,23674-新闻内容理解高级工程师（北京）
2,北京,技术类,23674-新闻推荐算法高级工程师（北京）
1,深圳,产品/项目类,15581-棋牌游戏研发策划(深圳)
1,上海,产品/项目类,19407-移动游戏市场品牌（上海）
1,上海,产品/项目类,19407-移动游戏社区运营策划（上海）
1,昆明,技术类,SNG02-腾讯云行业方案架构师（昆明）
1,昆明,技术类,SNG02-腾讯云应用业务开发工程师（昆明）
1,昆明,产品/项目类,SNG02-腾讯云行业高级运营经理（昆明）
1,昆明,产品/项目类,SNG02-腾讯云项目经理（昆明）
1,深圳,技术类,22989-云存储资深研发工程师
1,深圳,技术类,22989-腾讯云大数据开发工程师
2,北京,设计类,MIG03-地图品牌运营设计师
2,深圳,市场类,22990-腾讯云品牌经理招聘（深圳）
1,北京,市场类,19885-客户经理
1,深圳,技术类,OMG236-移动端研发工程师（深圳）
3,北京,技术类,MIG07-系统安全研究员（北京）
1,深圳,产品/项目类,XN-通讯充值产品策划经理（深圳）
1,深圳,产品/项目类,SNG08-微云产品经理（深圳）
1,深圳,技术类,22989-腾讯云网络运维高级工程师（深圳）
1,广州,职能类,AQ-内容安全系统验证经理
1,北京,职能类,AQ-内容安全系统验证经理
2,深圳,职能类,AQ-内容安全系统验证经理
1,上海,市场类,22967-大客户销售经理（上海）
3,深圳,技术类,22989-腾讯云物联网方向架构师（ 深圳/北京/上海）
1,深圳,技术类,22989-腾讯云物联网方向研发leader（深圳/北京/上海）
1,深圳,技术类,22989-腾讯云资深运营开发工程师（深圳）
1,深圳,技术类,HY1-Unreal游戏测试开发(深圳）
1,深圳,内容编辑类,21882-医学策划编辑
1,深圳,技术类,22989-腾讯云分布式块存储底层开发工程师（深圳）
1,深圳,技术类,22989-腾讯云块存储业务后台开发工程师（深圳）
1,深圳,技术类,22989-腾讯云KVM虚拟化及内核研发工程师（深圳）
1,深圳,产品/项目类,HY1-GAD高级项目经理（深圳）
1,深圳,技术类,HY1-移动客户端开发工程师（深圳）
1,深圳,技术类,HY1-android/ios音视频开发工程师（深圳）
1,深圳,产品/项目类,HY1-音频策划（上海）
1,深圳,产品/项目类,22025-沙盒游戏关卡策划（深圳）
1,深圳,技术类,24012-游戏社交IOS高级开发工程师（深圳）
1,深圳,技术类,24012-游戏社交Android高级开发工程师（深圳）
0,深圳,设计类,24012-特效剪辑师（深圳）
1,深圳,技术类,24012-游戏社交后台开发工程师（深圳）
1,深圳,设计类,15571-高级技术美术（深圳）
1,美国,产品/项目类,SD3-Project Manager (US)
1,深圳,技术类,TEG05-安全策略开发工程师（深圳）
1,上海,产品/项目类,15614-游戏运营活动策划（上海）
1,深圳,技术类,SNG17-QQ钱包Android开发工程师（深圳）
1,深圳,技术类,TEG12-IDC高级规划师(深圳）
1,深圳,技术类,22025-王者荣耀国际版-移动客户端开发工程师（深圳）
1,上海,设计类,15614-次世代3D角色设计师(上海）
1,深圳,产品/项目类,22989-腾讯云官网产品运营经理（深圳）
2,深圳,产品/项目类,22989-腾讯云官网产品运营（深圳）
5,深圳,职能类,20765-政府及公共事务经理
3,深圳,技术类,22989-腾讯云PAAS产品中心高级后端开发（深圳）
1,北京,市场类,21882-医学市场联络经理
1,上海,市场类,21882-医学市场联络经理
1,深圳,产品/项目类,SNG03-互动视频内容运营经理（深圳）
2,北京,市场类,24548-VI设计师
1,深圳,产品/项目类,21882-高级产品经理（医疗百科）
1,北京,产品/项目类,21882-高级产品经理（医疗百科）
1,北京,产品/项目类,MIG16-地图众包高级产品运营（北京）
1,北京,产品/项目类,MIG16-地图数据众包高级产品经理（北京）
1,深圳,技术类,18436-大数据开发高级工程师（深圳）
1,北京,技术类,MIG16-地图众包业务后台开发工程师（北京）
1,北京,技术类,MIG16-地图众包业务后台开发高级工程师（北京）
1,深圳,产品/项目类,22989-腾讯云中间件产品经理（深圳）
1,深圳,产品/项目类,22989-腾讯云加速高级产品策划经理（深圳/厦门）
1,深圳,技术类,22989-腾讯云音视频高级开发工程师（深圳）
1,深圳,技术类,22989-腾讯云CDN后台开发高级工程师（深圳）
1,深圳,技术类,22989-腾讯云CDN高级研发工程师（大数据方向）（深圳）
3,深圳,技术类,22989-腾讯云大数据方向后台开发高级工程师（深圳/北京/上海/成都）
1,深圳,技术类,22989-腾讯云高级业务运维工程师（深圳）
2,深圳,技术类,22989-腾讯云开发者服务后台开发工程师（深圳）
1,深圳,产品/项目类,22989-腾讯云开发者服务Devops项目经理（深圳）
3,成都,市场类,22990-互联网商务拓展（成都）
3,北京,市场类,22990-互联网+商务拓展（北京）
3,成都,市场类,22990-互联网+商务拓展（成都）
3,深圳,市场类,22990-互联网+商务拓展（深圳）
3,北京,市场类,22990-互联网商务拓展（北京）
3,深圳,市场类,22990-互联网商务拓展（深圳）
1,深圳,职能类,FC-行政采购商务经理
1,深圳,职能类,21645-互动娱乐法律顾问
1,深圳,设计类,17229-高级特效师
1,深圳,市场类,MIG15-腾讯叮当商务拓展经理
1,深圳,产品/项目类,21228-FIFA端游赛事运营（深圳）
1,上海,技术类,18796-本地化QA经理（上海）
1,深圳,技术类,HY2-自研游戏运维工程师（深圳）
1,深圳,产品/项目类,21228-FIFA端游官网策划（深圳）
2,北京,产品/项目类,OMG148-项目经理（北京）
1,北京,内容编辑类,22851-腾讯视频音乐中心项目策划（北京）
1,北京,设计类,15612-资深UI界面设计师（北京）
1,深圳,技术类,CS-c/c++后台开发工程师（深圳）
1,深圳,职能类,CG-采购流程管理
1,深圳,技术类,22989-大数据和人工智能（高级）研发总监（深圳/北京/上海/成都）
2,深圳,技术类,22989-大数据与人工智能运维工程师（深圳/成都）
2,深圳,市场类,22990-腾讯云渠道经理（深圳）
1,深圳,设计类,TEG07-CDC高级多媒体视觉设计师（深圳）
1,深圳,设计类,MIG03-手机浏览器设计组长（深圳）
1,深圳,产品/项目类,MIG03-外包业务项目经理（深圳）
1,深圳,产品/项目类,20718-平台产品经理（深圳）
1,深圳,产品/项目类,15774-项目经理（深圳）
2,深圳,技术类,TEG13-语音识别算法工程师（北京）
2,北京,职能类,高级舆情分析师（北京）
1,深圳,职能类,S2-税务专家（BG税管）
1,北京,产品/项目类,18402-移动游戏版本管理策划
1,深圳,产品/项目类,18402-产品/平台运营经理
1,深圳,产品/项目类,18402-移动游戏本地化策划
2,深圳,职能类,S2-IEG财务管理（深圳）
1,深圳,产品/项目类,23516-体育类手游市场渠道运营
1,北京,市场类,MIG05-商务拓展经理—行业拓展方向（北京）
2,深圳,技术类,SA-腾讯社交广告微信方向算法工程师（深圳）
2,北京,市场类,SA-腾讯社交广告SMB渠道运营经理（北京）
1,上海,技术类,20503-深度学习训练平台研发高级工程师（上海）
1,深圳,技术类,22989-腾讯云中间件高级后台开发工程师（深圳）
2,上海,市场类,OMG192-腾讯广告4A华东渠道经理（上海）
1,深圳,技术类,24111-java开发
1,深圳,技术类,22989-腾讯云平台后台高级工程师（深圳）
1,深圳,产品/项目类,22989-腾讯云DevOps产品经理（深圳）
1,深圳,产品/项目类,22989-云平台网站服务产品策划（深圳）
2,北京,设计类,MIG03-大屏浏览器视觉设计师
1,深圳,技术类,24111-医疗类高级算法工程师
1,深圳,技术类,24111-医疗类后台开发工程师
1,深圳,技术类,24111-前端开发工程师
1,深圳,技术类,24111-后台开发工程师
1,深圳,职能类,21645-SNG法务
1,北京,职能类,21645-SNG法务
2,深圳,技术类,15605-手游客户端开发工程师（深圳）
1,深圳,市场类,19511-腾讯游戏评测经理（深圳）
3,深圳,市场类,19511-腾讯游戏业务流程经理（深圳）
1,深圳,产品/项目类,15602-项目管理（深圳）
1,深圳,产品/项目类,MIG07-社群内容运营经理（深圳）
3,北京,技术类,MIG07-系统安全研究员（北京）
2,深圳,技术类,MIG07-手游助手PC客户端开发
1,深圳,技术类,MIG07-GO语言服务器端开发工程师（深圳）
1,北京,技术类,MIG07-企业安全流量还原工程师（北京）
2,深圳,技术类,MIG07-手游助手引擎开发
1,深圳,职能类,CB-高级福利经理(深圳)
2,深圳,技术类,23671-高级前端开发工程师（深圳）
2,上海,产品/项目类,15573-天天酷跑资深游戏策划（上海）
1,北京,技术类,MIG07-企业安全运营工程师（北京）
1,深圳,技术类,HY1-后台策略安全工程师（深圳）
1,深圳,技术类,TEG14-云数据库高级研发工程师（深圳）
2,深圳,技术类,TEG14-运营开发工程师（深圳）
1,深圳,职能类,ZNB-文化宣传专员（深圳）
2,北京,技术类,WXG08-113 微信模式识别推荐系统开发工程师（北京）
1,北京,技术类,23674-新闻短视频推荐算法组长
1,深圳,技术类,SA-腾讯社交广告测试开发工程师（深圳）
2,深圳,技术类,SNG04-视频推荐数据挖掘工程师（深圳）
1,上海,产品/项目类,21229-高级游戏业务商业分析经理（上海）
1,成都,设计类,15575-《王者荣耀》高级CG场景建模师（成都）
2,成都,产品/项目类,15575-《王者荣耀》文学策划（成都）
2,北京,设计类,OMG148-UI设计师（北京）
1,北京,市场类,OMG148-市场推广经理（北京）
1,北京,市场类,OMG148-运营经理（北京）
1,北京,市场类,OMG148-策划经理（北京）
2,北京,内容编辑类,OMG148-运营管理经理（北京）
2,北京,市场类,OMG148-商务拓展经理（北京）
1,上海,技术类,HY1-游戏客户端安全工程师（上海）
1,深圳,技术类,TEG10-规划工程师(深圳)
1,北京,技术类,TEG02-云网络系统设计师（北京）
1,深圳,技术类,TEG04-运营开发工程师（深圳）
1,深圳,产品/项目类,MIG06-智能硬件特色功能产品策划经理（深圳）
2,深圳,技术类,22989-腾讯云计费平台高级工程师（深圳）
1,深圳,设计类,TEG07-高级用户研究工程师（深圳）
5,深圳,技术类,TEG17-语音识别/合成研究员（深圳）
1,深圳,职能类,S2-风险管理及内部控制分析师(IT或数据分析方向)(深圳)
3,深圳,技术类,SNG06-企鹅电竞后台开发工程师（深圳）
2,深圳,产品/项目类,XN-竞猜产品运营经理
1,深圳,技术类,23294-web前端开发工程师（深圳）
1,深圳,市场类,23296-市场与用户研究经理（海外方向）(深圳)
3,深圳,市场类,23294-互娱游戏平台品牌经理（深圳）
1,深圳,市场类,23296-高级市场与用户研究经理（海外方向）(深圳)
1,深圳,技术类,23294-PHP开发工程师（深圳）
1,深圳,市场类,23295-互娱高级媒介经理（深圳）
1,深圳,设计类,23296-互娱视觉设计师(深圳)
1,深圳,市场类,23294-QQ炫舞手游品牌经理（深圳）
1,广州,技术类,WXG01-117 微信iOS客户端业务开发工程师（广州）
1,广州,技术类,WXG01-115 终端基础平台WEB前端开发高级工程师（广州）
1,广州,技术类,WXG01-117 微信iOS客户端开发工程师（广州）
1,深圳,职能类,SNG-HRBP（深圳）
1,深圳,产品/项目类,21228-移动游戏数据分析（深圳）
2,深圳,技术类,20718-智能硬件品质管理（深圳）
1,深圳,设计类,15605-火影忍者2D动画设计（深圳）
1,深圳,产品/项目类,19881-高级游戏数据分析（深圳）
1,深圳,市场类,23292-PGAME品牌经理（深圳）
2,深圳,产品/项目类,22989-广告/营销云（高级）产品经理（深圳/上海）
4,深圳,产品/项目类,22989-腾讯云制造行业产品经理（北京/上海/深圳/成都）
1,上海,技术类,22989-腾讯云广告/营销行业后台研发（高级）工程师（上海）
1,深圳,技术类,TEG02-网络系统架构师（深圳）
1,深圳,产品/项目类,19116-腾讯觅影数据分析高级产品经理（深圳）
1,深圳,产品/项目类,19116-腾讯觅影算法策略高级产品经理（深圳）
1,北京,产品/项目类,17759-游戏产品运营经理
1,深圳,设计类,MIG03-应用视觉设计师
1,上海,技术类,19332-企业产品Android开发（上海）
1,深圳,产品/项目类,19116-腾讯觅影医学专家（深圳）
1,深圳,设计类,SNG16-视觉UI设计（深圳）
1,深圳,技术类,MIG03-无线过程改进工程师（深圳）
2,深圳,市场类,22989-云计算行业分析师（北京/深圳）
2,深圳,产品/项目类,22989-腾讯云课程开发经理（深圳）
2,北京,市场类,22850-用户研究经理
1,深圳,产品/项目类,22989-腾讯云教育市场拓展经理
2,北京,市场类,22850-用户精细化运营经理
1,深圳,产品/项目类,22989-腾讯云官网运营经理（深圳）
1,深圳,产品/项目类,MIG10-微回收产品运营经理（深圳）
1,北京,市场类,MIG16-位置服务业务拓展经理（北京）
1,北京,产品/项目类,MIG16-位置大数据高级产品经理（北京）
2,北京,技术类,MIG16-开放平台IOS开发高级工程师（北京）
2,北京,技术类,MIG16-开放平台Android开发高级工程师（北京）
2,北京,技术类,MIG16-腾讯位置服务开放平台web前端工程师（北京）
1,深圳,技术类,TEG02-GPGPU高级研发工程师（深圳）
1,深圳,产品/项目类,TEG05-高级项目管理工程师（深圳）
2,深圳,内容编辑类,SNG01-QQ内容运营（深圳）
1,北京,产品/项目类,MIG16-定位NLP产品经理（北京）
1,北京,技术类,MIG16-定位SDK研发工程师（北京）
1,北京,技术类,MIG16-位置大数据后台工程师（北京）
1,深圳,技术类,OMG236-视频数据挖掘高级工程师（深圳）
1,深圳,产品/项目类,OMG236-腾讯视频移动端产品经理（深圳）
2,深圳,技术类,OMG236-iOS高级工程师（深圳）
1,上海,产品/项目类,21229-沙盒游戏产品运营经理（上海）
1,深圳,技术类,HY1-质量平台应用开发工程师（深圳）
1,深圳,职能类,MIG-HRBP（深圳）
1,深圳,设计类,24491-王者荣耀全球版-高级UI设计师
1,深圳,技术类,WXG06-115 微信支付web前端开发（深圳）
1,北京,内容编辑类,23673-娱乐品类运营编辑
1,深圳,技术类,SNG04-QQ看点IOS视频客户端开发工程师（深圳）
2,北京,技术类,MIG16-自动驾驶数据平台高级后台开发工程师(北京)
2,北京,技术类,MIG16-自动驾驶数据平台大数据高级系统架构师(北京)
2,深圳,技术类,SNG08-后台开发工程师（深圳）
1,深圳,技术类,21085-游戏运维工程师（深圳）
1,北京,内容编辑类,SNG16-QQ音乐内容编辑（北京）
2,深圳,技术类,SNG07-质量管理工程师（深圳）
1,北京,技术类,MIG16-车联网web前端开发（北京）
1,上海,市场类,OMG192-全国渠道中心大数据分析经理（上海）
1,北京,技术类,MIG16-地图数据平台后台开发高级工程师（北京）
1,深圳,技术类,MIG18-机器学习算法工程师（深圳）
1,深圳,技术类,18428-银行业务测试工程师（深圳）
1,深圳,产品/项目类,SNG02-视频云项目经理（深圳）
2,深圳,产品/项目类,SNG03-直播产品内容运营经理（深圳）
1,深圳,技术类,SNG02-IOT C++开发工程师（深圳）
1,上海,产品/项目类,20503-产品经理（上海）
4,深圳,技术类,SA-腾讯社交广告算法工程师（质量研发中心 深圳）
1,北京,市场类,SA-腾讯社交广告营销策划经理（北京）
3,深圳,市场类,SA-腾讯社交广告创意经理(深圳)
2,深圳,产品/项目类,SNG06-企鹅电竞主播运营经理（深圳）
2,北京,产品/项目类,23671-MCN产品经理/产品策划(北京）
1,深圳,产品/项目类,SNG06-企鹅电竞高级主播运营经理（深圳）
2,深圳,产品/项目类,SNG06-企鹅电竞商业化运营经理（深圳）
2,深圳,产品/项目类,SNG06-企鹅电竞赛事运营经理（深圳）
2,深圳,产品/项目类,SNG06-企鹅电竞直播运营经理（深圳）
1,深圳,技术类,SNG16-QQ音乐/全民K歌音频算法工程师（深圳）
1,深圳,技术类,SNG16-QQ音乐/全民k歌搜索算法高级工程师（深圳）
1,深圳,产品/项目类,MIG06-高级产品策划经理（深圳）
1,深圳,产品/项目类,MIG06-硬件产品经理（深圳）
1,深圳,市场类,MIG06-品牌经理（深圳）
1,深圳,产品/项目类,MIG06-商业合作经理（深圳）
1,深圳,产品/项目类,MIG06-AI语义产品经理（深圳）
0,深圳,技术类,MIG06-高级算法工程师（深圳）
2,北京,技术类,TEG13-自然语言处理高级工程师（北京）
3,深圳,设计类,15579-3D角色模型师（深圳）
1,深圳,技术类,HY1-测试开发工程师（深圳）
3,北京,职能类,20761-内容管理高级经理（北京）
1,北京,职能类,AQ-安全研究高级研究员
2,北京,职能类,20761-政策研究高级经理
1,上海,产品/项目类,15573-资深手游运营经理（上海）
1,北京,产品/项目类,OMG148-智慧房产项目经理（北京）
1,深圳,产品/项目类,21089-英雄联盟赛事内容运营(深圳）
1,深圳,技术类,HY2-数据挖掘高级后台开发工程师(深圳)
2,深圳,技术类,MIG09-商品推荐算法高级工程师
2,深圳,技术类,MIG09-QQ浏览器社区高级推荐算法工程师（深圳）
1,深圳,市场类,HY6-内容营销经理（深圳）
1,成都,产品/项目类,15575-《王者荣耀》世界观架构策划（成都）
1,深圳,职能类,23677-互娱服务采购经理（深圳）
2,深圳,技术类,SNG03-数据挖掘工程师（深圳）
2,深圳,产品/项目类,SNG03-兴趣部落运营经理（深圳）
1,深圳,产品/项目类,SNG03-互动视频产品策划经理（深圳）
1,深圳,技术类,SNG02-运营开发高级工程师（深圳）
3,深圳,技术类,SNG03-互动视频C++/C高级后台开发工程师（深圳）
1,上海,产品/项目类,21229-体育游戏主策划（上海）
1,上海,产品/项目类,21229-游戏运营商业化策划（上海）
1,深圳,产品/项目类,MIG06-搜索策略高级产品经理（深圳）
1,成都,产品/项目类,15575-《王者荣耀》IP内容监修（成都）
1,深圳,技术类,HY2-游戏云存储开发工程师（深圳）
2,广州,技术类,WXG03-115 微信开放平台web前端开发工程师（广州）
2,深圳,技术类,TEG03-高级后台开发工程师（深圳）
1,深圳,技术类,TEG10-IDC资源管理项目经理（深圳）
1,深圳,技术类,TEG04-web前端开发工程师（深圳）
1,上海,技术类,SNG04-看点公众号数据挖掘工程师
1,深圳,产品/项目类,SNG06-鹅漫U品商品运营经理（深圳）
1,北京,职能类,20764-政府及公共事务高级经理
4,深圳,产品/项目类,SNG17-QQ钱包-产品运营经理（深圳）
1,北京,技术类,MIG16-位置大数据机器学习/深度学习算法研究员（北京）
1,北京,技术类,MIG16-地图定位算法研究员（北京）
1,北京,技术类,TEG13-图像OCR算法工程师(北京)
4,深圳,技术类,TEG17-机器学习研究员（深圳）
1,深圳,技术类,TEG13-自然语言处理高级工程师（深圳）
2,北京,技术类,22086-数据挖掘工程师(北京）
1,深圳,产品/项目类,GH-智慧水务专员
7,北京,内容编辑类,16810-移动内容编辑（北京）
1,上海,设计类,21062-高级特效美术设计师（上海）
1,上海,设计类,21062-技术美术专家（上海）
2,深圳,技术类,SNG04-手Q轻游戏平台后台开发工程师（深圳）
1,上海,产品/项目类,HY1-WeTest平台技术产品经理
1,深圳,技术类,HY1-游戏专项测试工程师（深圳）
1,深圳,技术类,HY2-高级系统工程师（深圳）
1,北京,技术类,23674-新闻架构中心组长
1,深圳,市场类,23873-投后管理经理
1,北京,产品/项目类,MIG16-地图POI数据分析产品经理（北京）
1,深圳,技术类,SNG11-数据分析师（深圳）
1,北京,技术类,MIG16-自动驾驶数据平台高级前端开发工程师（北京）
1,深圳,技术类,TEG06-系统测试工程师（深圳）
1,北京,技术类,MIG16-地图POI数据自然语言处理工程师（北京）
1,北京,技术类,MIG16-地图POI数据挖掘高级研发工程师（北京）
1,杭州,产品/项目类,SNG02-QQ物联产品策划经理（杭州）
1,北京,技术类,MIG16-地图POI数据策略研发工程师（北京）
1,深圳,职能类,SHR-培训经理（深圳）
1,上海,技术类,HY2-运营开发高级工程师（上海）
1,上海,技术类,HY2-运营开发工程师（上海）
1,上海,技术类,HY2-Web前端开发工程师（上海）
1,深圳,技术类,HY2-PHP开发工程师(深圳)
1,深圳,技术类,HY2-后台开发工程师（深圳）
7,北京,市场类,19885-客户经理（区域拓展部）
1,深圳,产品/项目类,SNG03-互动视频渠道运营经理（深圳）
1,北京,市场类,OMG192-华北渠道销售经理（北京）
2,深圳,产品/项目类,22989-腾讯云社区运营经理（深圳）
1,上海,产品/项目类,21229-代理游戏海外PM（上海）
3,深圳,技术类,SNG11-高级数据分析师（深圳）
1,深圳,技术类,SNG01-QQ-后台开发工程师（深圳）
1,北京,市场类,24547-战略高级分析师
1,北京,技术类,MIG15-语音识别算法研究员
2,深圳,技术类,22989-腾讯云服务器系统工程师（深圳）
1,深圳,产品/项目类,22989-腾讯云国际版计费高级产品经理（）
1,北京,市场类,OMG153-数据分析师（北京）
1,北京,产品/项目类,HY6-发行项目经理（北京）
1,北京,市场类,17759-产品分析经理
1,广州,市场类,HY6-市场推广经理(广州）
1,深圳,技术类,SNG01-QQ-自然语言处理专家（深圳）
1,北京,内容编辑类,SNG01-日迹内容运营（北京）
0,深圳,产品/项目类,SNG01-TIM产品运营（APP推广）（深圳）
1,深圳,技术类,OMG236-腾讯视频mac软件测试工程师（深圳）
1,深圳,技术类,OMG236-计算机视觉算法研发工程师（深圳）
1,深圳,职能类,TA-职业发展经理（深圳）
1,深圳,技术类,TEG03-高级数据挖掘算法工程师（深圳）
1,深圳,设计类,17520-3D角色美术师（深圳）
1,深圳,技术类,HY1-语音测试开发工程师（深圳）
1,深圳,产品/项目类,15602-MMO游戏数值策划
1,深圳,产品/项目类,15602-卡牌游戏数值策划
1,深圳,技术类,TEG05-python运营开发高级工程师（深圳）
1,美国,技术类,TEG17-自然语言处理研究员（美国）
3,成都,技术类,22989-腾讯云web前端开发工程师（成都/深圳）
1,深圳,产品/项目类,22989-腾讯云高级产品经理（深圳）
1,美国,技术类,TEG17-计算机视觉研究员
2,深圳,技术类,GH-数据识别与转换工具开发工程师
1,深圳,技术类,GH-高级测试工程师
1,深圳,技术类,GH-视频算法工程师
2,深圳,技术类,GH-应用研究工程师
1,深圳,技术类,GH-高级运维工程师
1,深圳,技术类,GH-智慧城市大数据架构师
1,深圳,产品/项目类,21309-企鹅辅导用户运营经理（深圳）
1,深圳,产品/项目类,21309-企鹅辅导活动运营经理（深圳）
1,深圳,技术类,SNG06-鹅漫U品web开发工程师（深圳）
1,深圳,产品/项目类,SNG01-QQ产品负责人（深圳）
2,深圳,技术类,SA-腾讯社交广告反作弊工程师（微信广告方向）
2,深圳,技术类,MIG04-Web开发工程师（深圳）
1,上海,市场类,19116-互联网+行业商务拓展经理（上海）
2,深圳,技术类,16810-腾讯动漫运营开发工程师（深圳）
2,深圳,产品/项目类,GH-开放平台产品经理
3,深圳,产品/项目类,GH-物联网产品策划
1,深圳,技术类,18796-IOS移动客户端开发（深圳）
1,深圳,产品/项目类,18796-WeGame平台产品策划
2,深圳,产品/项目类,19511-游戏学院内部培训经理（深圳）
1,上海,产品/项目类,24548-商业产品经理
1,上海,产品/项目类,24547-高级商业产品策划（上海）
1,北京,产品/项目类,24547-高级商业产品策划（北京）
2,深圳,产品/项目类,24491-王者荣耀全球版-韩国市场UA（首尔）
1,北京,技术类,MIG16-地图数据策略工程师（北京）
1,北京,技术类,MIG16-地图后台高级研发工程师-融合方向（北京）
2,北京,技术类,MIG16-地图数据高级后台工程师（北京）
2,北京,技术类,MIG16-大数据平台开发工程师(北京)
1,深圳,技术类,HY1-移动端沙盒游戏研发（深圳）
1,深圳,技术类,HY1-Web前端开发(深圳)
1,北京,技术类,MIG16-地图大数据平台高级开发工程师(北京)
2,北京,产品/项目类,MIG16-地图数据高级产品经理(北京)
2,北京,产品/项目类,MIG16-地图数据工艺高级产品经理（北京）
1,深圳,市场类,MIG15-AR博物官商务拓展经理
1,上海,技术类,HY1-ios测试开发工程师（上海）
2,深圳,产品/项目类,SNG02-腾讯云行业高级运营经理（深圳）
2,深圳,产品/项目类,24491-王者荣耀全球版-海外游戏版本管理（深圳）
1,深圳,产品/项目类,24491-王者荣耀全球版-欧美游戏内容运营（深圳）
1,深圳,产品/项目类,24491-王者荣耀全球版-海外游戏数据分析（深圳）
2,深圳,市场类,24491-王者荣耀全球版-海外渠道高级经理（深圳）
2,深圳,技术类,XN-数据分析工程师（深圳）
2,深圳,产品/项目类,SNG17-QQ支付产品策划经理（深圳）
1,北京,技术类,22989-移动云解决方案架构师（北京/上海/深圳）
2,北京,技术类,SA-腾讯社交广告服务端PHP高级开发工程师（北京）
4,北京,产品/项目类,21309-企鹅辅导高级教研经理（北京）
2,深圳,产品/项目类,22989-腾讯云官网流量运营经理（SEO方向）（深圳）
2,北京,内容编辑类,22087-体育电竞直播导演（北京）
1,深圳,技术类,18436-高级web前端开发工程师（深圳）
1,深圳,技术类,18436-Spark高级工程师（深圳）
2,深圳,技术类,18436-java架构师
1,深圳,技术类,24491-王者荣耀全球版-移动客户端开发工程师（深圳）
2,上海,技术类,19332-高级PHP开发工程师（上海）
1,上海,技术类,19332-高级Web后台开发工程师(上海)
1,上海,技术类,19332-企点C++后台高级工程师（上海）
1,上海,技术类,19332-企业产品iOS开发工程师(上海)
1,上海,技术类,15573-手游资深后台开发工程师（上海）
1,上海,技术类,19332-高级PHP开发工程师（上海）
1,上海,技术类,19332-企点客户端开发工程师（上海）
2,北京,产品/项目类,23671-策略分析师
2,深圳,技术类,OMG236-腾讯视频搜索后台研发工程师（深圳）
3,北京,产品/项目类,23671-数据分析师
4,深圳,技术类,SNG06-企鹅电竞高级后台开发工程师（深圳）
1,深圳,技术类,TEG03-机器学习和数据挖掘工程师（深圳）
1,深圳,技术类,TEG12-IDC运营服务管理经理（深圳）
1,北京,产品/项目类,19822-影视制片经理
1,深圳,技术类,TEG14-mysql运维工程师（深圳）
1,深圳,技术类,TEG14-交易型业务后台开发工程师（深圳）
2,深圳,技术类,TEG09-分布式存储后台开发工程师（深圳）
2,深圳,技术类,TEG09-音频研发工程师（深圳）
1,深圳,产品/项目类,18402-动作游戏策划（移动端）
2,深圳,技术类,15570-端游前台开发工程师（深圳）
1,深圳,职能类,S2-CDG财务管理（深圳）
1,深圳,设计类,MIG03-智能平台AI交互设计师
1,北京,技术类,MIG03-iOS测试开发工程师（北京）
1,北京,技术类,MIG03-腾讯地图高级算法评测工程师（北京）
1,深圳,技术类,22989-COS运维工程师（深圳）
2,深圳,职能类,S2-高级会计师(深圳)
1,上海,职能类,20765-政府事务经理
2,上海,设计类,15573-游戏交互设计师(上海)
1,北京,内容编辑类,23673-财经运营中心热点运营组编辑
1,深圳,技术类,18796-Windows客户端开发工程师（深圳）
1,深圳,技术类,HY2-容器云高级开发工程师（深圳）
1,深圳,职能类,S2-风险管理和内部控制分析师（采购管理-系统实施方向）（深圳）
1,深圳,技术类,18796-WeGame Video Android应用开发工程师（深圳）
1,深圳,职能类,S2-高级风险管理和内部控制分析师（采购管理-信息共享方向）（深圳）
4,深圳,技术类,15579-移动游戏客户端开发工程师（深圳）
1,深圳,技术类,CS-测试工程师
1,深圳,技术类,22025-沙盒游戏客户端开发工程师（深圳）
1,深圳,技术类,MIG09-浏览器大数据后台开发工程师
1,上海,产品/项目类,15614-项目经理（上海）
1,深圳,技术类,WXG02-121 微信音频内核开发工程师（深圳/北京/广州）
1,深圳,职能类,RL-人力效能分析规划经理（深圳）
1,长沙,职能类,S2-大湘网财务总监（长沙）
1,深圳,技术类,HY2-python后台开发工程师（深圳）
1,深圳,技术类,HY2-游戏运维工程师（深圳）
1,深圳,职能类,21530-腾讯音乐薪酬经理（深圳）
1,广州,市场类,22968-华南汽车销售策划经理
1,北京,职能类,S2-高级风险管理经理(北京）
3,北京,技术类,MIG16-AI算法研究（北京）
1,上海,技术类,OMG064-Web前端开发工程师（上海）
4,成都,技术类,22989-智慧零售行业研发工程师（深圳/成都/北京）
1,北京,技术类,TEG13-OCR算法工程师（深圳）
2,深圳,职能类,S2-AR财务经理（深圳）
1,深圳,职能类,RL-招聘规划高级经理（深圳）
2,北京,技术类,MIG16-运营后台开发工程师（北京）
1,深圳,产品/项目类,HY1-游戏公共技术项目经理（深圳）
1,深圳,产品/项目类,HY1-游戏语音产品策划（深圳）
1,上海,技术类,HY1-高级web前端开发工程师（上海）
1,深圳,产品/项目类,15611-动作策划（深圳）
1,北京,技术类,MIG16-腾讯地图Android开发工程师（北京）
1,深圳,技术类,20016-移动游戏专项测试工程师（深圳）
2,深圳,产品/项目类,21085-穿越火线社区经理（深圳）
2,深圳,技术类,TEG09-Android研发工程师（深圳）
1,北京,产品/项目类,MIG16-导航路线策略高级产品经理（北京）
1,上海,技术类,19332-数据挖掘开发Leader（上海）
1,北京,技术类,23486-高级web前端工程师（北京）
2,北京,内容编辑类,23673-新闻热点运营编辑（北京）
2,深圳,职能类,S2-MIG财务分析（深圳）
1,北京,技术类,MIG16-基础架构工程师（北京）
1,北京,技术类,MIG16-地图大数据挖掘工程师（北京）
1,广州,职能类,CB-薪酬福利经理（深圳）
1,北京,内容编辑类,22086-篮球内容运营（北京）
2,深圳,技术类,TEG01-数据挖掘工程师（深圳）
1,深圳,技术类,TEG01-PHP开发工程师（深圳）
1,深圳,技术类,TEG01-WEB开发工程师（深圳）
2,深圳,技术类,TEG01-C++客户端开发工程师（深圳）
1,深圳,技术类,TEG01-自然语言处理工程师（深圳）
1,深圳,技术类,TEG01-后台开发工程师（深圳）
1,深圳,产品/项目类,22989-腾讯专有云高级产品经理(IAAS)（深圳）
1,深圳,产品/项目类,22989-腾讯专有云高级产品经理(PAAS)（深圳）
1,深圳,产品/项目类,22989-腾讯专有云高级产品经理(平台)（深圳）
1,北京,技术类,MIG16-地图专题数据后台开发高级工程师-情报挖掘方向（北京）
1,北京,技术类,MIG16-地图专题数据前端开发高级工程师（北京）
1,北京,产品/项目类,MIG16-地图骑行步行导航数据高级产品经理（北京）
1,北京,产品/项目类,MIG16-地图专题数据高级产品经理（北京）
1,深圳,技术类,HY2-游戏运维工程师（深圳）
1,深圳,设计类,24491-多媒体广告创意设计师（深圳）
1,深圳,职能类,AQ-安全产品经理（深圳）
1,深圳,市场类,23295-互娱媒介运营经理（深圳）
1,深圳,产品/项目类,23295-互娱内容平台产品经理（深圳）
1,深圳,产品/项目类,23295-互娱高级社区运营经理(深圳)
1,上海,设计类,15573-游戏美术UI视觉设计师（上海）
1,深圳,技术类,EC-前端开发工程师（深圳）
3,深圳,技术类,TEG09-高级业务运维工程师（深圳）
4,深圳,技术类,TEG11-机器学习高级工程师（深圳）
1,深圳,产品/项目类,TEG11-高级产品经理（深圳）
3,北京,市场类,21769-泛娱乐发行合作经理（北京）
1,深圳,产品/项目类,MIG06-平台策划产品经理（深圳）
2,北京,技术类,15612-游戏客户端开发(北京）
1,沈阳,市场类,22990-渠道销售经理（沈阳）
3,深圳,技术类,SA-腾讯社交广告数据分析师 （深圳 ）
2,北京,产品/项目类,SA-腾讯社交广告平台产品策划经理（北京）
4,深圳,产品/项目类,SA-腾讯社交广告游戏KA运营经理（深圳）
3,北京,技术类,SA-腾讯社交广告系统后台开发高级工程师（北京）
2,深圳,技术类,21309-在线教育ios开发工程师（深圳）
2,深圳,技术类,21309-在线教育JAVA后台开发工程师（深圳）
2,北京,产品/项目类,23671-商业运营经理
1,深圳,技术类,22989-腾讯云运营系统开发工程师（深圳）
1,深圳,技术类,SNG04-QQ厘米秀引擎开发高级工程师（深圳）
2,广州,设计类,MIG08-视觉设计师(广州)
1,上海,技术类,HY2-游戏运营高级后台开发工程师（上海）
1,深圳,技术类,SD9-手机游戏后台开发工程师
1,深圳,技术类,MIG03-测试开发工程师（深圳）
1,深圳,产品/项目类,MIG03-产品运营（数据生产顾问）（深圳）
0,北京,产品/项目类,22090-天天快报-客户端高级产品经理（北京）
1,深圳,产品/项目类,MIG06-智能硬件质管项目经理（深圳）
1,深圳,职能类,S2-差旅管理经理（深圳）
1,北京,市场类,17759-短视频活动营销经理
2,成都,技术类,22989-腾讯云大客户售后技术支持专家顾问（成都）
2,深圳,技术类,22989-腾讯云网络后台系统开发工程师（深圳）
1,北京,技术类,23048-翻译君NLP算法高级工程师(北京)
3,北京,市场类,22089-体育经纪（北京）
1,深圳,技术类,MIG07-安全运营工程师（深圳）
1,北京,市场类,23294-互娱动漫品牌经理（北京）
2,深圳,产品/项目类,23294-产品经理（深圳）
1,上海,市场类,23294-互娱品牌经理(上海)
1,深圳,技术类,23295-腾讯游戏内部广告投放系统后台开发（深圳）
1,深圳,产品/项目类,23294-高级产品经理（深圳）
1,深圳,产品/项目类,24491-韩国市场拓展
1,深圳,市场类,22990-行业大客户销售leader（深圳）
1,深圳,产品/项目类,15612-回合策略手游战斗策划（深圳）
1,深圳,产品/项目类,15612-火影忍者手游剧情关卡策划（深圳）
2,深圳,技术类,15612-后台游戏开发工程师（深圳）
1,深圳,设计类,15612-3D动作（深圳）
1,深圳,产品/项目类,SNG06-QQ动漫社群运营经理(深圳）
1,深圳,市场类,SNG06-QQ个性化商务拓展（深圳）
1,深圳,设计类,15611-高级UnrealEngine技术美术（深圳）
1,深圳,技术类,15602-手游客户端开发工程师（深圳）
1,深圳,设计类,15602-高级UI设计师（深圳）
1,北京,技术类,22086-数据开发工程师 （北京）
1,深圳,职能类,SNG-企业文化主管（深圳）
1,深圳,产品/项目类,TEG11-产品经理（深圳）
1,深圳,技术类,TEG11-web前端开发工程师（深圳）
1,北京,市场类,23048-翻译君合作拓展经理
1,深圳,职能类,AQ-安全标准经理（深圳）
1,北京,职能类,AQ-安全标准经理（北京）
1,深圳,职能类,AQ-舆情策划推广经理（深圳）
1,深圳,技术类,22989-游戏云Web前端开发（深圳）
2,深圳,技术类,21309-在线教育web前端开发工程师（深圳）
1,深圳,技术类,22989-腾讯云网络资源管理工程师（深圳）
1,深圳,技术类,18428-财付通测试开发工程师（深圳）
1,深圳,产品/项目类,MIG10-产品运营（深圳）
2,深圳,技术类,WXG06-122 微信支付数据挖掘工程师（深圳）
2,上海,技术类,20503-三维人脸建模研发工程师(上海）
1,深圳,职能类,23677-互娱服务采购高级供应商管理经理（深圳）
1,北京,技术类,MIG15-自然语言处理高级算法研究员
1,深圳,技术类,SD3-移动客户端开发（深圳）
3,深圳,设计类,TEG07-CDC高级视觉设计师（深圳）
1,北京,技术类,18425-金融云售前架构师（北京）
2,深圳,技术类,TEG13-后台开发工程师（深圳）
2,上海,产品/项目类,22989-腾讯云高级产品经理（互联网业务）（上海/北京/深圳）
1,深圳,产品/项目类,23486-证券产品运营（深圳）
2,北京,技术类,MIG16-腾讯地图导航/步行骑行/公交后台开发工程师(北京)
1,北京,技术类,MIG16-地图专题数据后台开发工程师-功能方向（北京）
1,成都,产品/项目类,15575-天美L1手游高级游戏策划（成都）
1,深圳,产品/项目类,21228-MMORPG版本管理
1,北京,技术类,23048-浏览器开发工程师（北京）
1,北京,技术类,MIG16-自动驾驶仿真模拟系统-前端开发(北京)
2,深圳,产品/项目类,23294-产品运营经理
1,深圳,产品/项目类,18432-投研经理
1,深圳,产品/项目类,18796-掌火APP产品运营(深圳)
1,深圳,市场类,HY3-互娱战略发展经理（深圳）
1,深圳,技术类,20503-图像处理/计算机视觉工程师（深圳）
2,深圳,技术类,20503-移动端开发工程师（深圳）
0,北京,市场类,19837-影视宣传策划经理（北京）
1,深圳,设计类,16810-腾讯动漫视觉设计师（深圳）
2,深圳,产品/项目类,21309-辅导员助理（深圳）
1,上海,技术类,18796-ETL开发工程师
1,深圳,技术类,18796-ETL开发工程师
2,深圳,技术类,18796-数据分析师（深圳）
1,深圳,技术类,18796-高级IOS开发工程师（深圳）
2,上海,市场类,18796-WeGame高级商务经理（上海）
1,上海,产品/项目类,18796-数据分析师（深圳）
1,北京,技术类,22090-天天快报-图像算法工程师（北京）
5,北京,技术类,22090-天天快报-短视频算法工程师（北京）
1,深圳,职能类,TEG-企业文化沟通经理（深圳）
1,深圳,产品/项目类,22090-天天快报高级产品经理（产品策划方向）（深圳）
1,深圳,技术类,GY0-数据分析工程师（深圳）
1,深圳,技术类,GY0-海外腾讯云解决方案架构师（深圳）
1,深圳,产品/项目类,XN-竞猜产品策划经理（深圳）
1,北京,产品/项目类,TEG04-高校合作经理（北京）
1,深圳,产品/项目类,TEG04-项目经理（深圳）
1,上海,产品/项目类,SA-品牌客户业务管理经理（上海）
1,深圳,市场类,SNG11-高级商业分析师（深圳）
2,深圳,技术类,22989-云网络后台开发工程师（深圳）
1,上海,产品/项目类,21229-竞技游戏高级赛事运营（上海）
1,北京,产品/项目类,22090-天天快报-视频数据分析师（北京）
1,深圳,市场类,23295-互娱媒介拓展经理（深圳）
1,北京,市场类,SNG03-商务拓展高级经理（北京）
1,深圳,市场类,23295-互娱媒介经理（深圳）
2,深圳,技术类,SNG03-互动视频客户端开发工程师（深圳）
1,深圳,产品/项目类,SNG03-数据分析产品经理（深圳）
1,深圳,技术类,SNG03-互动视频web前端开发工程师（深圳）
1,深圳,技术类,HY2-大数据运维工程师（深圳）
1,深圳,内容编辑类,SNG16-全民K歌原创音乐高级运营经理（深圳）
2,深圳,设计类,15605-手游3D场景设计师（深圳）
1,深圳,产品/项目类,15605-游戏运营（深圳）
2,深圳,市场类,19511-腾讯游戏战略分析经理（深圳）
2,深圳,技术类,OMG236-腾讯视频媒资库后台开发高级工程师（深圳）
2,深圳,技术类,OMG236-web前端开发工程师（深圳）
2,深圳,技术类,TEG13-python后台开发工程师（深圳）
1,深圳,技术类,23671-高级广告后台工程师（深圳）
1,深圳,技术类,23671-高级广告算法工程师 （深圳）
1,深圳,职能类,CB-绩效管理高级经理（深圳）
1,深圳,技术类,HY2-高级数据分析开发工程师（深圳）
1,深圳,技术类,HY2-PHP开发工程师（深圳）
2,深圳,技术类,SA-腾讯社交广告web前端高级开发工程师（深圳）
3,深圳,技术类,18428-腾讯金融业务高级研发工程师(深圳)
1,深圳,技术类,SNG07-云测试高级工程师（深圳）
1,深圳,设计类,18797-游戏2D原画（深圳）
1,深圳,技术类,MIG12-高级网络安全工程师（深圳）
1,深圳,技术类,MIG03-腾讯后台开发工程师（深圳）
1,深圳,产品/项目类,20718-AI内容产品策划经理（深圳）
1,深圳,技术类,MIG03-机器学习高级工程师（深圳）
2,上海,技术类,HY1-游戏测试经理（上海）
1,上海,产品/项目类,15573-手游运营策划（上海）
1,深圳,技术类,MIG09-QQ浏览器搜索算法专家
1,深圳,技术类,HY2-高级安全运营工程师（深圳）
1,深圳,技术类,HY2-大数据开发工程师（深圳）
1,深圳,技术类,HY2-后台开发高级工程师（深圳）
1,深圳,技术类,HY2-机器学习高级算法工程师（深圳）
1,深圳,产品/项目类,HY2-数据增值服务产品经理（深圳）
1,深圳,技术类,HY2-高级游戏运维工程师(深圳)
1,深圳,技术类,HY2-DataMore后台开发工程师（深圳）
1,深圳,产品/项目类,HY2-高级产品经理（文案策划方向）（深圳）
1,北京,市场类,17759-产品合作经理
2,北京,职能类,TEG06-高级售前技术工程师（北京）
1,深圳,技术类,TEG05-后台系统开发工程师（深圳）
1,深圳,技术类,TEG05-高级数据挖掘工程师（深圳）
2,深圳,职能类,TEG06-高级售前技术工程师（深圳）
2,杭州,产品/项目类,SNG02-QQ物联产品策划经理（深圳）
1,深圳,产品/项目类,19081-游戏音频策划（深圳）
1,深圳,设计类,15569-魂斗罗高级技术美术
1,深圳,技术类,22989-腾讯云数据中心运营规划工程师（深圳）
1,深圳,产品/项目类,15569-魂斗罗手游高级玩法策划（深圳）
1,深圳,产品/项目类,15569-魂斗罗高级数值策划（深圳）
1,深圳,技术类,15569-魂斗罗客户端高级研发工程师（深圳）
1,深圳,产品/项目类,15569-魂斗罗高级系统策划（深圳）
2,深圳,技术类,SNG02-腾讯云小微高级后台开发工程师（杭州）
1,深圳,技术类,18302-剑灵IP手游本地化服务器开发工程师（深圳）
1,北京,内容编辑类,23672-腾讯娱乐深度记者（北京）
1,北京,市场类,23672-腾讯娱乐艺人统筹（北京）
1,深圳,产品/项目类,MIG18-游戏渠道运营经理（深圳）
1,深圳,产品/项目类,SNG16-全民K歌渠道运营经理（深圳）
2,深圳,技术类,MIG18-机器学习系统开发工程师（深圳）
2,北京,市场类,23671-商务合作经理
1,深圳,职能类,S2-账务中心高级会计（深圳）
1,深圳,技术类,TEG02-系统运维工程师
1,深圳,技术类,TEG02-机器学习工程师（深圳）
1,深圳,技术类,TEG02-运营开发工程师（深圳）
1,北京,内容编辑类,23672-腾讯娱乐视频内容运营（北京）
1,北京,产品/项目类,23672-腾讯娱乐节目制片人（北京）
1,深圳,内容编辑类,SNG16-全民K歌内容运营经理（深圳）
1,深圳,产品/项目类,SNG16-项目经理（深圳）
1,上海,产品/项目类,15614-大型网络游戏版本管理（上海）
1,上海,产品/项目类,15614-大型网络游戏版本管理（上海）
1,上海,产品/项目类,15618-项目经理（上海）
1,深圳,设计类,MIG03-浏览器购物视觉设计师
1,深圳,设计类,SNG10-UI工程师/前端开发工程师(深圳）
1,北京,技术类,23048-iOS&MacOS 研发工程师（北京）
1,上海,市场类,22990-战略BD经理（上海）
1,北京,市场类,22990-腾讯云创投生态BD经理（北京）
1,北京,产品/项目类,MIG09-QQ浏览器内容策略高级产品经理（北京）
2,上海,产品/项目类,SA-腾讯社交广告KA渠道运营经理（上海）
1,北京,产品/项目类,SA-腾迅社交广告KA渠道运营经理（北京）
1,深圳,市场类,23294-电竞明星经纪（深圳）
1,深圳,职能类,S2-投资公司管理经理（深圳）
1,北京,内容编辑类,22851-电视剧内容评估（北京）
1,深圳,产品/项目类,SNG16-全民K歌造星经纪人（深圳）
1,深圳,产品/项目类,SNG16-全民K歌直播营收产品策划（深圳）
1,深圳,技术类,SNG16-腾讯音乐IOS质量测试工程师（深圳）
1,深圳,技术类,SNG16-腾讯音乐后台质量测试工程师（深圳）
1,深圳,技术类,SNG16-腾讯音乐Web质量测试工程师（深圳）
1,深圳,技术类,SNG16-腾讯音乐专项测试开发岗（深圳）
2,深圳,技术类,22989-腾讯云资源管理规划工程师(深圳)
2,深圳,技术类,22989-云平台PHP开发工程师（深圳）
1,深圳,产品/项目类,18797-高级项目经理（深圳）
1,上海,市场类,22968-本土日化服饰用品组长（上海）
1,深圳,产品/项目类,22989-腾讯云资源成本数据运营（深圳）
2,深圳,技术类,15579-游戏后台开发工程师（深圳）
1,北京,产品/项目类,MIG16-自动驾驶产品经理(北京)
1,北京,技术类,MIG16-自动驾驶机器人后台开发工程师(北京)
1,北京,技术类,MIG16-自动驾驶模拟仿真工程师(北京)
1,北京,技术类,MIG16-自动驾驶协调控制工程师(北京)
1,北京,技术类,MIG16-自动驾驶高精地图-工具研发(北京)
1,北京,技术类,MIG16-自动驾驶机器人-导航算法(北京)
1,北京,技术类,MIG16-自动驾驶机器人SLAM算法工程师(北京)
1,北京,技术类,MIG16-自动驾驶融合感知(北京)
1,北京,技术类,MIG16-自动驾驶深度学习(北京)
1,北京,技术类,MIG16-自动驾驶融合定位(北京)
1,深圳,职能类,S2-高级财务分析经理 （深圳）
2,北京,内容编辑类,23671-企鹅号渠道服务
2,北京,市场类,22086-腾讯体育会员运营（用户及活动方向）
1,北京,市场类,ZL-高级商业分析师(深圳)
1,北京,市场类,ZL-商业分析经理
1,深圳,市场类,ZL-商业分析经理
1,深圳,产品/项目类,19116-互联网+行业高级产品策划经理（AI方向）(深圳)
1,深圳,技术类,HY1-高级移动视频开发工程师
1,深圳,技术类,15571-unity客户端开发工程师（深圳）
1,北京,市场类,营销活动经理
1,北京,技术类,MIG16-计算机视觉高级算法工程师（北京）
1,深圳,职能类,AQ-创意制作专员
1,北京,技术类,OMG097-数据挖掘工程师(北京）
1,深圳,技术类,HY1-分布式数据库系统研发高级工程师（深圳）
1,北京,技术类,23671-Android开发高级工程师(北京）
2,深圳,技术类,SNG16-腾讯音乐Android高级工程师（深圳）
1,北京,市场类,22968-房产家居娱乐行业销售经理
1,深圳,产品/项目类,24491-韩国市场运营
1,深圳,职能类,23677-互娱服务采购经理（深圳）
1,深圳,职能类,MIG-招聘经理（深圳）
1,北京,技术类,23671-高级广告算法工程师
1,北京,技术类,OMG097-后台开发工程师（北京）
1,北京,技术类,23671-高级前端广告工程师
1,北京,产品/项目类,23671-商业策略产品经理
1,北京,产品/项目类,商业运营产品经理
1,北京,技术类,MIG16-腾讯地图iOS高级工程师（北京）
1,深圳,技术类,HY2-手游SDK终端安卓开发工程师(深圳)
1,深圳,技术类,HY2-手游SDK终端iOS开发工程师(深圳)
1,上海,产品/项目类,15616-MMOG文案策划（上海）
2,上海,产品/项目类,15616-MMOG系统策划（上海）
1,深圳,技术类,HY2-数据挖掘后台开发工程师（深圳）
1,深圳,技术类,HY2-高级前端开发工程师（深圳）
4,深圳,技术类,SNG02-腾讯云应用业务开发工程师（深圳）
2,深圳,技术类,SNG02-QQ资料与关系链后台开发工程师（深圳）
1,深圳,技术类,S2-大数据开发高级工程师（深圳）
1,深圳,职能类,S2-CDG财务管理（社交与效果广告方向）（深圳）
1,上海,技术类,24547-高级应用开发工程师（上海）
1,深圳,职能类,S2-高级财务分析经理（深圳）
1,上海,技术类,24547-大数据高级开发工程师（上海）
1,深圳,技术类,21482-互娱测试工程师(深圳)
1,北京,技术类,23671-高级广告后台工程师（北京）
1,深圳,产品/项目类,18436-财付通金融高级量化产品经理
1,深圳,市场类,18797-Senior Strategy/Market Analysis Manager(shenzhen)
1,深圳,设计类,18797-游戏UI设计师（深圳）
1,深圳,产品/项目类,MIG10-运营商产品策划（深圳）
1,深圳,产品/项目类,23516-移动游戏本地化策划
1,深圳,产品/项目类,23516-内外部合作与市场推广接口人
1,深圳,产品/项目类,18402-QQ飞车平台运营
1,深圳,技术类,18435-财付通高级风险分析师-策略方向（深圳）
1,深圳,设计类,22025-王者荣耀国际版-手游资深特效设计师（深圳）
1,深圳,产品/项目类,GY0-海外社交广告运营经理（深圳）
1,北京,设计类,22851-腾讯视频WEB前端动效工程师（北京）
1,成都,产品/项目类,15575-《王者荣耀》项目经理（成都）
1,上海,市场类,23296-市场与用户研究经理
1,深圳,职能类,SNG-招聘经理（深圳）
1,北京,市场类,23295-高级活动经理（北京）
2,深圳,技术类,22989-移动云解决方案架构师（北京/上海/深圳）
0,深圳,设计类,14914-品牌创意经理（深圳）
2,深圳,技术类,18435-风控策略java开发工程师
1,上海,产品/项目类,15573-SLG手游系统策划（上海）
1,上海,技术类,15573-手游客户端开发工程师（上海）
2,深圳,技术类,SNG07-高级系统测试工程师（深圳）
1,深圳,产品/项目类,GY0-JOOX产品策划（深圳）
1,深圳,设计类,GY0-海外产品视觉设计（深圳）
1,北京,产品/项目类,MIG16-腾讯地图产品经理（北京）
2,北京,产品/项目类,23671-数据分析师
1,深圳,产品/项目类,21309-数据分析产品经理（深圳）
1,深圳,产品/项目类,23516-军事类手游运营策划
2,深圳,职能类,S2-高级IT审计经理（深圳）
1,北京,产品/项目类,23671-企鹅号客户端产品总监（北京）
2,北京,产品/项目类,23671-数据产品经理(北京）
1,北京,产品/项目类,23671-企鹅号原生广告策划运营（北京）
1,北京,产品/项目类,23671-企鹅号电商策划运营（北京）
1,北京,产品/项目类,23671-企鹅号游戏运营（北京）
1,北京,产品/项目类,23671-企鹅号内容发行运营经理（北京）
2,深圳,技术类,TEG05-高级流量分析工程师（深圳）
2,北京,产品/项目类,23671-2.	企鹅号投后支持运营经理 （北京）
1,上海,产品/项目类,23671-资深渠道/产品运营经理(上海）
2,深圳,产品/项目类,23671-资深渠道/产品运营经理(深圳）
1,北京,市场类,19885-销售支持（北京）
1,深圳,技术类,SNG11-安管合规服务管理（深圳）
1,深圳,产品/项目类,SNG04-厘米秀产品策划(深圳)
2,深圳,技术类,TEG03-大数据平台运维工程师（深圳）
1,深圳,技术类,SNG11-安全合规岗（深圳）
1,深圳,技术类,SNG06-内容后台开发高级工程师（深圳）
2,北京,产品/项目类,22989-腾讯云高级产品经理(互联网业务)（北京）
1,北京,产品/项目类,17757-腾讯网产品经理（北京）
1,深圳,职能类,S2-影业风控经理（深圳）
1,深圳,技术类,SNG16-QQ音乐/全民k歌搜索后台开发工程师（深圳）
1,深圳,技术类,20718-android开发工程师（深圳）
2,深圳,产品/项目类,17229-SLG游戏策划（深圳）
3,深圳,技术类,22989-腾讯云游戏解决方案架构师（面向海外）（北京/上海/深圳）
3,深圳,技术类,22989-腾讯云医疗行业解决方案架构师（北京/上海/深圳）
1,深圳,职能类,CG-运营类采购商务主管
1,上海,市场类,22990-行业大客户销售经理（上海）
2,深圳,技术类,MIG03-腾讯MIG研发部架构师（深圳）
1,深圳,技术类,RP-数据运营开发工程师（深圳）
1,深圳,市场类,16175-海外游戏品牌经理（深圳）
1,北京,技术类,23048-浏览器开发工程师（北京）
1,北京,内容编辑类,23673-科技热点运营编辑
1,深圳,设计类,22025-建造类沙盒游戏资深2D原画设计（深圳）
1,深圳,设计类,22025-建造类沙盒资深3D关卡设计（深圳）
1,北京,技术类,WXG08-113 微信搜索后台开发高级工程师（北京）
1,深圳,市场类,MIG05-安全高级品牌经理（深圳）
2,深圳,职能类,S2-游戏运营风控经理(深圳）
1,深圳,产品/项目类,22990-行业解决方案顾问（深圳）
1,上海,产品/项目类,22990-行业解决方案顾问（上海）
1,北京,产品/项目类,22990-行业解决方案顾问（北京）
1,北京,市场类,22990-行业大客户销售leader（北京）
2,北京,市场类,22990-行业大客户销售经理（北京）
3,广州,技术类,WXG01-111 微信数据分析师
2,广州,技术类,WXG01-122 微信数据科学家
2,广州,技术类,WXG01-122 微信数据挖掘工程师（广州）
1,深圳,技术类,GY0-运营开发工程师（深圳）
1,深圳,职能类,CG-项目类采购商务主管
1,深圳,市场类,22990-行业大客户销售经理（深圳）
6,北京,技术类,OMG148-PHP后台开发工程师
1,上海,市场类,MIG18-开放平台区域运营经理（上海）
2,上海,技术类,15573-MMORPG后台开发高级工程师（上海）
1,上海,产品/项目类,15573-MMORPG手游高级策划（上海）
2,上海,技术类,19116-医疗图像理解研究员（上海）
1,深圳,产品/项目类,XN-QQ竞猜-高级产品策划经理（深圳）
1,深圳,产品/项目类,XN-QQ竞猜-产品运营经理（深圳）
1,上海,市场类,19116-互联网+生态运营高级经理（上海）
1,深圳,市场类,19116-互联网+生态运营高级经理（深圳）
1,上海,技术类,19157-汽车物联安全 - 硬件安全研究员（上海）
2,深圳,技术类,MIG03-车联网测试负责人（深圳）
2,深圳,技术类,MIG03-C++测试开发工程师（深圳）
1,深圳,技术类,MIG03-移动端高级测试开发工程师（深圳）
2,深圳,技术类,17520-手游后台开发工程师(深圳）
6,深圳,技术类,17229-手游客户端开发工程师
1,深圳,产品/项目类,17229-射击游戏数值策划（深圳）
4,深圳,技术类,17229-手游UE引擎高级工程师
3,深圳,产品/项目类,17229-射击游戏关卡策划（深圳）
1,深圳,产品/项目类,17229-射击游戏系统策划（深圳）
1,深圳,产品/项目类,23486-证券产品中心高级项目经理（深圳）
1,深圳,技术类,XN-系统测试工程师（深圳）
1,深圳,市场类,23872-市场分析经理（深圳）
1,深圳,技术类,16175-测试工程师
1,深圳,产品/项目类,韩语社区经理
1,深圳,产品/项目类,16175-日语社区经理
1,深圳,市场类,16175-海外广告投放经理
1,上海,技术类,SA-腾讯社交广告前端开发高级工程师（联盟广告方向）（上海）
3,上海,产品/项目类,SA-腾讯社交广告产品拓展运营（品牌行业）（上海）
1,上海,技术类,21760-游戏后台开发工程师（上海）
1,深圳,产品/项目类,18402-移动游戏版本管理
1,深圳,产品/项目类,18402-QQ飞车手游赛事运营经理
1,北京,技术类,WXG02-122 语音识别研究员（北京/上海/成都/广州）
1,广州,技术类,WXG08-122 微信数据挖掘算法工程师（广州）
1,北京,技术类,WXG02-122 语音前端研究员（北京/上海）
1,广州,技术类,WXG08-112 微信商业支持运营开发工程师（广州）
1,北京,技术类,WXG02-122 语音合成研究员（北京/广州/成都）
1,深圳,产品/项目类,15570-端游RPG系统策划（深圳）
2,深圳,市场类,23293-互娱海外品牌经理（深圳）
1,深圳,设计类,GY0-高级交互设计师（深圳）
1,深圳,产品/项目类,GY0-JOOX产品运营（深圳）
1,深圳,技术类,GY0-voov后台开发工程师（深圳）
1,深圳,产品/项目类,GY0-海外社交广告产品经理（深圳）
1,深圳,产品/项目类,MIG07-游戏工具产品策划经理（深圳）
1,深圳,技术类,HY1-C++后台开发工程（深圳）
1,深圳,技术类,HY1-自然语言处理算法工程师（深圳）
1,深圳,产品/项目类,HY1-沙盒游戏项目经理（深圳）
1,深圳,技术类,HY1-沙盒类手游服务端开发工程师（深圳）
1,深圳,技术类,HY1-沙盒类手游客户端开发工程师（深圳）
1,深圳,产品/项目类,HY1-沙盒游戏策划（深圳）
1,深圳,设计类,HY1-游戏UI设计师（深圳）
1,深圳,设计类,HY1-游戏3D设计师（深圳）
1,深圳,设计类,HY1-高级原画设计师（深圳）
1,深圳,设计类,HY1-游戏主美（深圳）
1,北京,内容编辑类,23671-企鹅号泛娱乐品类运营（北京）
2,深圳,技术类,SNG16-全民K歌后台开发研发工程师（深圳）
2,马来西亚,市场类,GY0-Business Development Manager（Malaysia ）
2,深圳,技术类,SNG16-全民K歌web前端工程师（深圳）
1,深圳,设计类,15569-QQ飞车手游高级UI交互设计师
1,深圳,产品/项目类,15569-QQ飞车手游用户运营策划
1,深圳,设计类,15569-QQ飞车手游高级游戏TA
1,深圳,技术类,15569-QQ飞车手游高级客户端开发
1,深圳,产品/项目类,15569-QQ飞车手游运营策划
1,深圳,产品/项目类,15569-QQ飞车手游高级关卡策划
1,深圳,技术类,15569-QQ飞车手游客户端开发
1,深圳,设计类,15569-QQ飞车手游3D特效设计师
1,深圳,产品/项目类,15569-QQ飞车手游赛事运营经理
1,北京,技术类,MIG16-地图导航引擎开发工程师（北京）
1,深圳,产品/项目类,22989-游戏云高级产品经理
2,深圳,技术类,22989-游戏云后台研发高级工程师
2,上海,市场类,22990-互联网商务拓展（上海）
2,上海,市场类,22990-互联网+商务拓展（上海）
3,上海,市场类,22990-腾讯云渠道经理（上海）
3,北京,市场类,22990-腾讯云渠道经理（北京）
1,深圳,产品/项目类,18402-内外部合作与市场推广接口人
3,深圳,市场类,22990-腾讯云市场资深运营专员（深圳）
1,深圳,技术类,22989-腾讯云WEB前端开发（深圳）
1,上海,技术类,SNG08-社交平台iOS开发工程师（上海）
1,深圳,产品/项目类,21087-游戏官网运营（深圳）
2,深圳,设计类,SNG10-多媒体设计师（深圳）
1,广州,市场类,WXG01-321 商务拓展
2,深圳,设计类,MIG03-浏览器视觉设计师
3,北京,设计类,MIG03-地图视觉设计师
1,上海,市场类,19885-区域渠道经理（上海）
1,深圳,技术类,MIG18-AI开放平台后台开发工程师（深圳）
1,深圳,技术类,HY1-高级Web前端开发工程师（深圳）
1,深圳,技术类,HY1-游戏安全客户端逆向工程师（深圳）
1,深圳,技术类,16175-web前端开发工程师
1,深圳,产品/项目类,16175-日语本地化经理
1,深圳,技术类,16175-移动终端开发工程师
1,深圳,产品/项目类,SNG08-渠道管理经理（深圳）
1,深圳,产品/项目类,15571-FPS手游高级关卡策划（深圳）
1,深圳,设计类,24012-3D角色设计师（深圳）
1,上海,产品/项目类,15614-次世代射击游戏社区运营经理（上海）
1,上海,产品/项目类,15614-次世代射击游戏市场推广（上海）
1,上海,产品/项目类,15614-次世代射击游戏直播推广经理（上海）
1,上海,产品/项目类,15614-次世代射击游戏运营经理（上海）
1,上海,产品/项目类,15614-次世代射击游戏数据分析（上海）
5,深圳,技术类,20503-计算机视觉高级研究员（深圳）
1,深圳,产品/项目类,SNG06-鹅漫U品平台运营经理（深圳）
1,深圳,市场类,MIG05-数字营销高级分析经理（深圳）
1,上海,产品/项目类,19157-汽车物联行业产品经理（上海）
20,深圳,技术类,SNG06-重点产品后台开发工程师-RPO（深圳）
1,深圳,技术类,SNG16-windows开发工程师（深圳）
1,深圳,产品/项目类,SNG08-QQ阅读产品策划经理（深圳）
1,深圳,产品/项目类,21087-游戏版本管理（深圳）
1,北京,技术类,23671-数据开发工程师（北京）
1,深圳,产品/项目类,24491-王者荣耀全球版-资深系统策划（深圳）
1,深圳,设计类,HY1-资深视觉设计师（深圳）
1,深圳,设计类,HY1-资深交互设计师（深圳）
1,深圳,产品/项目类,HY1-游戏安全产品运营（深圳）
1,深圳,技术类,HY1-高级手游音频开发工程师（深圳）
1,深圳,技术类,HY1-游戏安全后台开发工程师（深圳）
1,成都,技术类,HY1-手机游戏测试开发工程师（成都）
1,深圳,技术类,22989-腾讯云服务器硬件运营高级工程师（深圳）
2,北京,内容编辑类,OMG148-房产高级记者（北京）
1,北京,内容编辑类,OMG148-房产中心原创主编（北京）
1,成都,产品/项目类,15575-《王者荣耀》资深战斗策划（成都）
1,成都,产品/项目类,15575-《王者荣耀》资深数值策划（成都）
1,成都,设计类,15575-《王者荣耀》世界观场景概念设计师（成都）
1,成都,设计类,15575-《王者荣耀》高级场景原画设计师（成都）
1,深圳,产品/项目类,15585-游戏系统策划(深圳)
1,深圳,产品/项目类,15585-游戏数值策划(深圳)
2,深圳,产品/项目类,19333-SNG广告产品运营经理（深圳）
1,成都,产品/项目类,15575-《王者荣耀》数值策划（成都）
1,上海,市场类,19333-商业化广告行销经理（上海）
1,北京,市场类,19333-QQ品牌广告高级市场经理（北京）
1,深圳,技术类,22989-CDN方向高级专项技术支持工程师（深圳）
1,深圳,技术类,22989-云数据库方向高级专项技术支持工程师（深圳）
2,北京,技术类,22989-腾讯云大客户售后技术支持专家顾问（北京）
0,北京,内容编辑类,23673-证券热点编辑
1,北京,产品/项目类,24548-综艺商业制片人
2,成都,技术类,22989-腾讯云高级数据库工程师(成都/深圳)
1,北京,产品/项目类,17757-腾讯网数据策略产品经理（北京）
1,北京,内容编辑类,SNG08-运营编辑（北京）
1,北京,职能类,S2-MIG财务分析（北京）
1,深圳,产品/项目类,MIG06-应用宝平台产品经理（深圳）
1,深圳,设计类,SNG16-腾讯音乐用户研究工程师（深圳）
1,上海,设计类,15618-美术特效设计师（上海）
2,上海,设计类,15618-场景原画设计师（上海）
2,上海,设计类,15618-3D场景设计师（上海）
1,上海,设计类,15618-游戏动画设计师（上海）
1,深圳,技术类,15570-新MMORPG手游后台开发（深圳）
1,上海,设计类,15614-次世代游戏技术美术（上海）
1,深圳,职能类,FWZ-诉讼律师（深圳）
1,深圳,职能类,FWZ-游戏维权法务
1,深圳,产品/项目类,22989-腾讯云计算产品项目经理（深圳）
1,深圳,设计类,15569-视觉设计师（深圳）
1,深圳,产品/项目类,22989-腾讯云政务应用运营（深圳）
1,北京,技术类,15503-系统漏洞研究工程师（北京）
1,北京,内容编辑类,22086-NHL&NFL运营(北京）
1,深圳,技术类,22989-腾讯云游戏解决方案架构师（深圳）
1,北京,技术类,22989-腾讯云游戏解决方案架构师（北京）
2,北京,内容编辑类,22086-综合采编内容编辑（北京）
1,上海,技术类,22989-腾讯云游戏解决方案架构师（上海）
1,成都,产品/项目类,15575-《王者荣耀》IP内容运营（成都）
1,深圳,市场类,23295-互娱娱乐营销市场经理(深圳)
1,深圳,内容编辑类,23292-内容运营经理（深圳）
2,深圳,设计类,15579-3D游戏特效设计（深圳）
2,深圳,技术类,MIG18-核心算法工程师（深圳）
1,北京,职能类,20759-政府事务经理
1,深圳,产品/项目类,MIG06-硬件开发工程架构师（深圳）
1,深圳,产品/项目类,MIG18-商业化策略产品经理（深圳）
1,深圳,产品/项目类,15569-QQ飞车手游系统策划（深圳）
1,深圳,产品/项目类,15569-QQ飞车手游高级玩法策划（深圳）
1,深圳,设计类,15569-QQ飞车手游高级动画设计师（深圳）
2,北京,技术类,23671-iOS开发高级工程师(北京）
3,深圳,技术类,SNG16-全民K歌Android开发工程师（深圳）
1,北京,产品/项目类,SA-腾讯社交广告社交洞察经理（北京）
1,上海,设计类,15614-次世代游戏场景原画师（上海）
1,上海,设计类,15614-次世代3D游戏特效设计师（上海）
1,上海,设计类,15614-次世代3D游戏动画设计师（上海）
1,上海,产品/项目类,15614-次世代射击游戏系统策划（上海）
1,上海,产品/项目类,15614-次世代射击游戏枪械策划（上海）
1,上海,设计类,21759-资深塔防类手游主美（上海）
1,上海,产品/项目类,15614-次世代射击游戏关卡策划（上海）
1,深圳,职能类,S2-Web前端开发工程师（深圳）
1,深圳,职能类,S2-S系统财务管理（深圳）
2,深圳,产品/项目类,MIG07-办公功能产品策划经理（深圳）
1,深圳,技术类,22989-腾讯云高级后台开发工程师（深圳/北京/上海/成都）
1,深圳,职能类,14137-WXG财务管理（深圳）
1,深圳,产品/项目类,18797-QQ游戏平台产品经理（深圳）
1,深圳,市场类,MIG05-浏览器高级品牌经理（深圳）
1,深圳,产品/项目类,MIG18-应用宝游戏数据分析运营经理（深圳）
2,深圳,技术类,SNG16-运营开发工程师（深圳）
1,深圳,技术类,21527-腾讯音乐PHP应用开发工程师（深圳）
1,深圳,技术类,21527-腾讯音乐eHR系统工程师（深圳）
0,深圳,产品/项目类,SNG16-全民K歌产品运营（智能硬件商务拓展）（深圳）
1,北京,产品/项目类,19822-影视制片人（北京）
1,深圳,职能类,AQ-产品安全经理（深圳）
1,北京,市场类,19116-互联网+商务拓展经理（医疗/人社/公安方向）
1,深圳,市场类,SNG16-腾讯音乐公关总监（深圳）
1,北京,市场类,SNG16-腾讯音乐高级公关经理（北京）
1,深圳,市场类,SNG16-腾讯音乐高级公关经理（深圳）
1,深圳,市场类,SNG16-腾讯音乐市场总监（深圳）
2,深圳,市场类,SNG16-腾讯音乐高级品牌经理（深圳）
1,深圳,市场类,SNG16-腾讯音乐市场经理（深圳）
1,深圳,产品/项目类,MIG18-海外内容运营产品经理（深圳）
2,深圳,产品/项目类,MIG18-海外内容运营商务经理（深圳）
1,深圳,技术类,16175-后台开发工程师
1,北京,职能类,AQ-产品安全经理（北京）
1,上海,产品/项目类,21229-回合手游资深运营策划（上海）
2,深圳,产品/项目类,22989-腾讯云大数据产品经理 (数据仓库方向) (深圳/北京/上海/成都)
2,深圳,技术类,22989-腾讯云后台开发高级工程师（数据仓库方向）(深圳/北京/上海/成都)
0,北京,市场类,17467-SNG市场部-娱乐营销拓展（北京）
2,深圳,技术类,22989-腾讯云后台开发工程师 （大数据方向）（深圳/北京/上海/成都）
1,深圳,技术类,15571-unreal客户端开发工程师（深圳）
1,深圳,产品/项目类,18302-新动作手游资深系统策划（深圳）
1,深圳,市场类,23292-英雄联盟品牌经理（深圳）
1,深圳,产品/项目类,18302-新动作手游资深数值策划（深圳）
1,深圳,产品/项目类,18302-新动作手游关卡策划（深圳）
1,深圳,产品/项目类,18302-新动作手游角色设计策划（深圳）
2,深圳,职能类,S2-投资公司管理经理（深圳）
2,北京,产品/项目类,22090-天天快报-高级产品经理（推荐策略方向）（北京）
1,上海,产品/项目类,21229-游戏运营经理（上海）
1,北京,技术类,22090-天天快报-相关推荐算法工程师（北京）
1,北京,技术类,22090-天天快报-后台开发工程师（北京）
1,北京,技术类,22090-天天快报-算法工程师（北京）
1,深圳,技术类,18428-财付通银行交易开发工程师（深圳）
1,上海,市场类,22968-日化/食品饮料行业广告整合营销经理（上海）
1,北京,技术类,22090-天天快报-文本分析与挖掘高级工程师（北京）
1,上海,技术类,15573-手游客户端开发工程师（上海）
1,深圳,产品/项目类,15571-高级项目经理（深圳）
1,上海,技术类,HY1-移动游戏测试开发工程师（上海）
2,深圳,技术类,SNG02-腾讯云音视频研发高级工程师（深圳）
1,深圳,技术类,SA-腾讯社交广告算法研究员-图像视觉方向（深圳）
1,深圳,职能类,21530-腾讯音乐高级猎聘经理（深圳）
1,深圳,产品/项目类,EC-教育平台产品经理（深圳）
5,美国,技术类,TEG17-Principal Researcher（us）
5,美国,技术类,TEG17-Senior Researcher（us）
3,深圳,技术类,SNG16-全民K歌IOS开发工程师（深圳）
1,深圳,产品/项目类,SNG16-全民K歌广告产品策划（深圳）
1,深圳,技术类,TEG14-数据分析师（深圳）
1,上海,产品/项目类,OMG064-DMP产品经理（上海）
1,深圳,市场类,SA-腾讯社交广告商业分析经理（深圳）
1,深圳,技术类,15570-新RPG手游服务器开发工程师(深圳)
1,深圳,职能类,HGJ-Tencent Legal Commercial Counsel
1,深圳,技术类,S2-Java后台开发工程师
1,深圳,技术类,15585-斗战神端游后台开发
1,深圳,产品/项目类,17229-主策划/高级游戏策划（深圳）
1,深圳,技术类,15570-端游引擎开发工程师（深圳）
1,北京,技术类,MIG09-QQ浏览器资讯推荐算法高级工程师（北京）
1,昆明,职能类,20765-政府及公共事务经理（云南）
1,广州,技术类,WXG02-113 质量管理工程师（广州）
2,北京,职能类,AQ-业务安全经理(北京)
1,深圳,职能类,CB-海外福利经理（深圳）
2,深圳,设计类,SD9-游戏美术2D设计
1,北京,技术类,23048-翻译君语料数据工程师（北京）
1,深圳,技术类,TEG05-高级数据库管理员（深圳）
3,深圳,技术类,15602-妖精的尾巴项目客户端开发工程师（深圳）
1,深圳,技术类,TEG05-windows开发工程师（深圳）
1,上海,技术类,21759-高级移动客户端开发工程师（上海）
1,上海,设计类,15614-游戏宣传视觉设计师（上海）
2,深圳,技术类,SA-腾讯社交广告高级系统测试工程师（深圳）
2,北京,技术类,SA-腾讯社交广告测试开发工程师（北京）
1,深圳,市场类,22990-腾讯云销售运营经理（深圳）
1,上海,设计类,21759-资深2D美术原画（上海）
1,深圳,技术类,HY1-高级web前端开发工程师（深圳）
2,深圳,技术类,WXG08-122  微信搜索推荐数据挖掘高级工程师（深圳）
1,广州,技术类,WXG08-121 微信搜索推荐算法高级工程师
1,北京,技术类,WXG08-121 微信模式识别自然语言处理算法工程师（北京）
1,北京,技术类,WXG08-113 微信模式识别软件开发工程师（北京）
1,上海,技术类,WXG08-113 微信模式识别软件开发工程师（上海）
1,上海,技术类,WXG08-121 微信模式识别自然语言处理算法工程师（上海）
1,深圳,技术类,OMG097-后台开发高级工程师
1,深圳,技术类,OMG097-运营开发高级工程师（深圳）
1,深圳,技术类,OMG097-数据开发工程师（深圳）
1,深圳,产品/项目类,22989-腾讯云政务民生产品经理（深圳）
2,成都,技术类,22989-数据库解决方案架构师（成都/深圳/北京）
2,深圳,技术类,22989-腾讯云产品开发（深圳）
1,深圳,产品/项目类,22989-大数据和人工智能高级产品经理（深圳/北京/上海/成都）
1,深圳,产品/项目类,22989-大数据和人工智能（高级）产品总监（深圳）
1,深圳,技术类,22989-大数据和人工智能（高级）架构师（售前）（深圳/北京/上海/成都）
2,广州,市场类,WXG05-311 互联网+行业合作高级经理(广州)
1,深圳,产品/项目类,MIG06-应用宝AI高级产品策划经理（深圳）
2,深圳,技术类,22989-腾讯云大客户售后技术支持高级顾问（深圳）
1,深圳,技术类,WXG08-122 微信数据挖掘高级工程师（深圳）
1,上海,产品/项目类,15573-资深SLG手游数值策划（上海）
1,深圳,技术类,SNG11-AI大数据研究员/高级工程师（深圳）
2,北京,市场类,22990-战略BD经理（北京）
1,深圳,市场类,22990-战略BD经理（深圳）
2,深圳,职能类,S2-反舞弊调查经理（深圳）
1,北京,职能类,AQ-安全责任经理（北京）
1,深圳,产品/项目类,SNG06-增值服务商业策略分析（深圳）
2,上海,技术类,16265-客户端引擎开发工程师（上海）
1,上海,设计类,15616-高级特效设计师（上海）
1,上海,产品/项目类,15616-高级游戏剧情策划（上海）
1,深圳,产品/项目类,SNG02-音视频云高级产品经理（深圳）
1,深圳,设计类,22025-建造类沙盒资深3D角色设计（深圳）
1,深圳,设计类,22025-建造类沙盒资深TA技术美术（深圳）
1,深圳,设计类,22025-建造类沙盒资深3D动画特效设计（深圳）
1,深圳,产品/项目类,15570-新RPG手游高级数值策划（深圳）
1,深圳,技术类,SNG11-高级自然语言处理工程师（深圳）
1,深圳,技术类,SNG02-腾讯云行业方案架构师（深圳）
0,深圳,产品/项目类,SNG02-物联网高级产品经理（深圳）
1,深圳,产品/项目类,SNG03-群视频高级产品策划经理（深圳）
1,北京,职能类,OMG-组织发展经理（北京）
2,北京,市场类,22990-视频云商务拓展经理（北京）
2,上海,市场类,22990-视频云商务拓展经理（上海）
1,深圳,技术类,20718-WEB前端开发高级工程师（深圳）
2,深圳,市场类,22990-视频云商务拓展经理（深圳）
2,北京,技术类,22989-腾讯云行业架构师（北京）
2,深圳,技术类,22989-腾讯云行业架构师（深圳）
2,成都,技术类,22989-腾讯云行业架构师（成都）
1,上海,技术类,19116-合作伙伴解决方案经理（上海）
1,深圳,市场类,19116-互联网+医疗商务拓展经理（深圳/广州）
2,深圳,职能类,AQ-产品安全经理（深圳）
2,北京,职能类,AQ-产品安全经理（北京）
2,广州,职能类,AQ-产品安全经理（广州）
1,北京,产品/项目类,18402-移动游戏本地化商业化活动策划
1,深圳,市场类,23872-平台商务战略运营经理
1,深圳,技术类,SNG01-QQ-AR-图像识别专家（深圳）
1,上海,职能类,RP-文化与员工关系经理（上海）
1,深圳,技术类,SNG01-QQ-3D引擎专家（深圳）
1,深圳,技术类,SNG01-QQ-图像处理专家（深圳）
1,成都,技术类,HY1-机器学习算法研究工程师（成都）
1,深圳,产品/项目类,15571-FPS手游高级数值策划（深圳）
2,深圳,技术类,TEG13-大数据平台算法开发工程师（深圳）
1,北京,产品/项目类,23048-PC浏览器产品经理（北京）
1,北京,技术类,23048-内容推荐算法高级工程师（北京）
4,北京,技术类,SNG02-自然语言处理高级研发工程师（北京）
1,深圳,技术类,15571-unreal引擎开发工程师（深圳）
1,深圳,职能类,EC-办学专家（深圳）
1,深圳,技术类,22989-Android高级研发工程师
1,深圳,技术类,22989-iOS高级研发工程师（深圳）
1,深圳,产品/项目类,19881-王者荣耀高级社区渠道运营（深圳）
2,深圳,技术类,MIG07-安全大数据分析工程师（深圳）
1,深圳,设计类,15569-魂斗罗高级2d角色设计师（深圳）
1,深圳,技术类,SNG16-腾讯音乐自然语言处理NLP高级工程师（深圳）
1,北京,职能类,S2-反舞弊调查经理（北京）
1,深圳,市场类,MIG05-应用宝高级品牌经理（深圳）
2,北京,职能类,AQ-安全运营经理（北京）
1,北京,职能类,13654-法律研究员
1,北京,设计类,15612-高级3D场景设计师（北京）
2,深圳,市场类,20718-智能硬件高级营销策划
1,深圳,职能类,S2-税务管理（深圳）
1,深圳,技术类,SNG11-腾讯云PHP开发工程师（深圳）
2,深圳,技术类,SNG11-腾讯云安全后台开发工程师（深圳）
2,深圳,产品/项目类,23518-移动游戏渠道商务拓展经理（新兴垂直渠道）
2,深圳,技术类,22989-腾讯云API平台研发工程师
2,深圳,技术类,22989-腾讯云运营系统研发工程师
2,深圳,技术类,TEG09-计算平台研发工程师（深圳）
1,深圳,技术类,SNG11-运营开发（深圳）
1,深圳,设计类,MIG03-浏览器高级视觉设计师
2,北京,产品/项目类,OMG148-产品经理（北京）
0,深圳,技术类,TEG03-数据挖掘算法工程师（深圳）
1,深圳,产品/项目类,19881-王者荣耀高级直播及KOL运营（深圳）
1,深圳,产品/项目类,19881-王者荣耀高级线下赛事运营（深圳）
1,深圳,产品/项目类,19881-王者荣耀高级社区内容运营（深圳）
1,深圳,产品/项目类,19881-王者荣耀高级本地化运营策划（深圳）
2,深圳,技术类,MIG07-内核高级工程师（深圳）
1,上海,产品/项目类,15618-手游系统策划（上海）
1,上海,产品/项目类,15618-手游关卡策划（上海）
1,上海,产品/项目类,15618-核心数值策划（上海）
1,深圳,设计类,15571-资深概念设计师（深圳）
1,深圳,设计类,15571-UI资深设计师（深圳）
1,深圳,产品/项目类,21227-项目管理
3,深圳,技术类,TEG17-医学AI算法研究员（深圳）
2,深圳,技术类,22989-高级系统技术工程师（深圳）
1,上海,设计类,15614-2d人物设计（上海）
1,上海,产品/项目类,SNG08-天天P图招聘用户增长运营岗（上海）
1,深圳,,14914-电脑管家高级公关经理（深圳）
2,深圳,技术类,18797-web前端开发工程师（深圳）
1,深圳,技术类,SNG11-推荐/精准营销系统工程师（深圳）
2,深圳,职能类,AQ-安全责任经理（深圳）
3,深圳,产品/项目类,23518-移动游戏渠道运营策划（精品游戏）
1,深圳,职能类,ZSC-标准专利工程师
1,深圳,技术类,MIG06-Android终端开发工程师（深圳）
1,上海,产品/项目类,OMG064-程序化广告产品经理（上海）
1,上海,技术类,OMG064-Web前端开发工程师（上海）
1,深圳,职能类,S2-账务中心高级会计（深圳）
1,深圳,产品/项目类,MIG18-青腾大学服务运营经理（深圳）
1,北京,,TB-Investment Associate / Sr. Associate
2,北京,职能类,AQ-安全标准经理（北京）
1,重庆,市场类,19116-互联网+行业商务拓展经理（重庆）
2,深圳,技术类,SNG02-流媒体后台高级开发工程师（深圳）
1,深圳,技术类,TEG02-服务器硬件工程师
1,深圳,产品/项目类,SNG16-QQ音乐运营商渠道产品运营（深圳）
1,深圳,职能类,S2-IEG财务管理（公共资源管理）（深圳）
1,深圳,产品/项目类,MIG18-资深内容运营经理（深圳）
1,深圳,技术类,SNG11-腾讯云后台开发工程师（深圳）
2,深圳,技术类,SNG11-安全咨询顾问（深圳）
1,深圳,技术类,20503-视频监控专家（深圳）
1,深圳,产品/项目类,SD10-FPS俄语游戏海外PM(深圳)
